{"hrv": [{"SDNN": 107, "SDNN_I": 50, "ANS_AGE": 0, "endTime": 1552198057, "LF_Norm": 0.5450002793759825, "LF": 1084.0886742397486, "LFoverHF": 1.4318449247920149, "VLF": 2388.7321705947415, "BPM": 75.0, "HF": 757.1271549516578, "SDANN": 88, "TP": 5670.007644835877, "id": "c06872ec-e4c7-4db5-8604-92feba7001e7", "Error": false, "startTime": 1552111658, "HF_Norm": 0.3806280065246224, "RMSSD": 35}, {"SDNN": 108, "SDNN_I": 53, "ANS_AGE": 0, "endTime": 1552284456, "LF_Norm": 0.5894099889541144, "LF": 1192.8623253388662, "LFoverHF": 1.74841042798455, "VLF": 2114.3829249209452, "BPM": 74.0, "HF": 682.2553253207931, "SDANN": 114, "TP": 4924.965670925847, "id": "e648e5a6-1684-4e54-af96-8a9a4a14d801", "Error": false, "startTime": 1552198057, "HF_Norm": 0.3371119157837251, "RMSSD": 36}], "af": [{"tmsAFs": [], "maxHR": 120, "beatsInTachy": 0, "maxHRTms": 1552196938, "pauseBeats": 0, "brady_stat": {}, "SVBeats": 211290, "numTag": 6, "beatsInBrady": 0, "tachy_stat": {}, "numAF": 0, "numSVEB": 81, "id": "a558b8d6-c084-4453-a481-d1f7ff491650", "VBeats": 0, "minHRTms": 1552240097, "pauseBeatsTms": [], "avgHR_night": 67, "totalBeats": 211290, "numPVC": 33, "tmsTags": ["1552111742", "1552151750", "1552177498", "1552205011", "1552205937", "1552206153"], "beatsInBradyTms": [], "minHR": 49, "beatsInTachyTms": [], "avgHR_day": 77, "avgHR": 74}], "Q_factor": [{"good_percentage": 0.9289250353606789, "bad_min": [1552111719, 1552116519, 1552116579, 1552116639, 1552117539, 1552117599, 1552117659, 1552117719, 1552127859, 1552127919, 1552128159, 1552128399, 1552128459, 1552128579, 1552128759, 1552131099, 1552131279, 1552131339, 1552131399, 1552132239, 1552132299, 1552132479, 1552135959, 1552136019, 1552136079, 1552136139, 1552136439, 1552136919, 1552136979, 1552137819, 1552137879, 1552137939, 1552137999, 1552143699, 1552148739, 1552151619, 1552152219, 1552152279, 1552152339, 1552152399, 1552152699, 1552152759, 1552152819, 1552152879, 1552152939, 1552152999, 1552153059, 1552153179, 1552153239, 1552153299, 1552164279, 1552172859, 1552172919, 1552173039, 1552173159, 1552173219, 1552174839, 1552174899, 1552174959, 1552175739, 1552177059, 1552177179, 1552177239, 1552177299, 1552177659, 1552177719, 1552178259, 1552178319, 1552178439, 1552178499, 1552179579, 1552179639, 1552179699, 1552179939, 1552179999, 1552180179, 1552180239, 1552180299, 1552180359, 1552180419, 1552180479, 1552182939, 1552183479, 1552183779, 1552183839, 1552183899, 1552183959, 1552184019, 1552184079, 1552185099, 1552185159, 1552185639, 1552185699, 1552186839, 1552186899, 1552186959, 1552190439, 1552191219, 1552191279, 1552191639, 1552191699, 1552191759, 1552193679, 1552193739, 1552194459, 1552194759, 1552202019, 1552202139, 1552202199, 1552202799, 1552203159, 1552203219, 1552203279, 1552203339, 1552203399, 1552203519, 1552203879, 1552203939, 1552203999, 1552204059, 1552204539, 1552204599, 1552204659, 1552204839, 1552204899, 1552205079, 1552205379, 1552205439, 1552205679, 1552205919, 1552207599, 1552207719, 1552210359, 1552210719, 1552218999, 1552219179, 1552220319, 1552220439, 1552220919, 1552222179, 1552222299, 1552222839, 1552222899, 1552228239, 1552228299, 1552230519, 1552244559, 1552263879, 1552263939, 1552264539, 1552265379, 1552266699, 1552266759, 1552272279, 1552276179, 1552276239, 1552276359, 1552276539, 1552276599, 1552276659, 1552276899, 1552276959, 1552277499, 1552277619, 1552278159, 1552278219, 1552278339, 1552278399, 1552278459, 1552278519, 1552278579, 1552278639, 1552278699, 1552278759, 1552278819, 1552278879, 1552278939, 1552278999, 1552279059, 1552279179, 1552279299, 1552279359, 1552279419, 1552279479, 1552279599, 1552279719, 1552279779, 1552279839, 1552279899, 1552279959, 1552280019, 1552280079, 1552280139, 1552280199, 1552280259, 1552280319, 1552280379, 1552280439, 1552280499, 1552280559, 1552281279], "total_length": 2828, "bad_length": 201}], "activity": [{"endTime": 1552281386, "id": "1c89f46e-6a1a-4334-a556-c18efd832e96", "startTime": 1552111659}], "id": "6424796a-033e-4e09-bf70-f33cd490828b", "sleep": [{"SOL": 10, "inBedTime": 333, "WASO": 24, "AHI": 8, "efficiency": 89.82035928143712, "pct_light": 61.66666666666667, "pct_rem": 19.666666666666664, "slp_idx": [4, 4, 4, 4, 4, 4, 4, 4, 4, 4, 2, 2, 2, 2, 2, 4, 4, 4, 4, 4, 4, 4, 4, 4, 3, 3, 3, 3, 3, 3, 3, 3, 3, 2, 2, 2, 2, 2, 3, 3, 3, 3, 3, 3, 3, 3, 3, 3, 3, 3, 3, 3, 3, 3, 3, 3, 3, 2, 2, 2, 2, 2, 2, 2, 2, 2, 1, 1, 1, 1, 2, 2, 2, 2, 2, 2, 2, 2, 2, 2, 2, 2, 2, 2, 2, 2, 1, 2, 2, 2, 2, 2, 2, 2, 2, 1, 2, 2, 2, 2, 2, 2, 2, 2, 2, 2, 2, 1, 1, 1, 1, 1, 1, 1, 1, 1, 1, 1, 1, 1, 2, 2, 2, 2, 4, 4, 4, 4, 4, 3, 2, 2, 2, 2, 2, 2, 2, 4, 4, 2, 2, 2, 3, 3, 3, 4, 4, 4, 3, 3, 3, 3, 3, 4, 4, 2, 2, 2, 2, 2, 2, 2, 2, 2, 2, 2, 2, 2, 2, 2, 2, 2, 1, 1, 1, 1, 1, 1, 1, 1, 2, 2, 2, 2, 2, 2, 2, 2, 3, 3, 2, 2, 2, 2, 2, 2, 2, 2, 2, 2, 3, 3, 3, 2, 2, 2, 2, 2, 1, 1, 2, 2, 2, 2, 2, 2, 2, 2, 2, 1, 2, 2, 2, 2, 2, 2, 2, 2, 1, 2, 2, 2, 2, 2, 2, 2, 2, 3, 3, 3, 3, 3, 3, 3, 3, 3, 3, 3, 3, 3, 2, 2, 2, 2, 2, 2, 2, 3, 4, 4, 4, 3, 3, 2, 2, 2, 1, 1, 1, 1, 1, 1, 1, 2, 2, 2, 2, 2, 2, 2, 1, 1, 1, 1, 1, 1, 1, 1, 1, 1, 1, 1, 2, 2, 2, 2, 2, 2, 2, 2, 2, 2, 2, 2, 1, 1, 1, 1, 1, 1, 2, 2, 2, 2, 2, 2, 2, 2, 2, 2, 2, 2, 2, 2, 2, 2, 2, 2, 2, 2, 2, 2, 2, 3, 4, 4, 4, 4, 4, 4, 4, 4, 4, 4], "sleepEndTime": 1552172738, "id": "0bbe0245-f3ab-4b97-bc71-095fbcf043cc", "sleepStartTime": 1552152098, "pct_deep": 18.666666666666668}, {"SOL": 17, "inBedTime": 411, "WASO": 25, "AHI": 11, "efficiency": 89.80582524271846, "pct_light": 59.189189189189186, "pct_rem": 19.72972972972973, "slp_idx": [4, 4, 4, 4, 4, 4, 4, 4, 4, 4, 4, 4, 4, 4, 4, 4, 4, 2, 2, 2, 2, 2, 2, 2, 2, 2, 4, 4, 1, 1, 1, 1, 1, 2, 2, 2, 2, 2, 2, 2, 2, 2, 2, 4, 4, 2, 2, 1, 2, 4, 4, 4, 2, 2, 2, 2, 2, 2, 2, 2, 2, 2, 2, 2, 2, 2, 2, 2, 2, 2, 2, 2, 2, 2, 2, 2, 2, 2, 2, 1, 1, 2, 2, 2, 2, 2, 2, 2, 4, 4, 4, 3, 3, 3, 3, 3, 2, 2, 2, 2, 2, 1, 2, 2, 2, 2, 2, 2, 1, 1, 1, 1, 1, 1, 1, 1, 1, 1, 1, 1, 1, 3, 3, 2, 2, 2, 2, 2, 2, 2, 2, 1, 1, 1, 1, 1, 1, 1, 1, 1, 1, 1, 4, 4, 1, 1, 1, 1, 1, 1, 1, 1, 1, 1, 1, 1, 1, 1, 1, 1, 1, 2, 2, 2, 3, 3, 3, 3, 3, 3, 3, 3, 4, 4, 4, 3, 3, 3, 3, 3, 3, 3, 3, 3, 2, 2, 2, 2, 2, 2, 3, 3, 3, 3, 3, 3, 3, 3, 3, 3, 3, 3, 3, 3, 3, 3, 3, 3, 3, 3, 3, 3, 1, 1, 2, 2, 2, 2, 2, 2, 2, 2, 2, 2, 2, 2, 2, 2, 2, 1, 1, 1, 2, 2, 2, 2, 2, 2, 2, 2, 2, 2, 2, 2, 2, 2, 3, 3, 3, 3, 3, 3, 2, 1, 1, 1, 1, 1, 1, 1, 1, 1, 1, 2, 2, 2, 2, 2, 2, 2, 2, 2, 2, 2, 1, 1, 1, 2, 2, 2, 3, 3, 2, 2, 2, 2, 2, 2, 2, 2, 2, 2, 2, 1, 2, 2, 2, 2, 2, 2, 2, 2, 2, 2, 2, 2, 2, 2, 2, 2, 2, 2, 2, 2, 2, 2, 2, 3, 3, 3, 3, 3, 3, 2, 2, 2, 2, 2, 2, 2, 2, 2, 2, 2, 2, 4, 4, 4, 4, 4, 4, 4, 4, 4, 3, 3, 3, 2, 2, 2, 2, 1, 1, 1, 1, 1, 1, 1, 1, 2, 2, 2, 2, 4, 3, 3, 3, 3, 2, 2, 2, 3, 3, 3, 2, 2, 2, 2, 2, 2, 2, 2, 2, 2, 2, 2, 2, 2, 1, 2, 3, 3, 3, 2, 2, 2, 2, 2, 2, 2, 2, 2, 2, 2, 2, 2, 2, 2, 2, 2, 2, 2, 4, 4, 4, 4, 4, 4, 4, 4, 4, 4, 4, 4], "sleepEndTime": 1552264658, "id": "bbf6c1a7-c9d4-4c4b-8804-1e65f60a22c1", "sleepStartTime": 1552239218, "pct_deep": 21.08108108108108}], "mode": 2}