{"hrv": [{"SDNN": 92, "SDNN_I": 35, "ANS_AGE": 0, "endTime": 1551939454, "LF_Norm": 0.6338519947766269, "LF": 359.9227694584028, "LFoverHF": 2.038298600374287, "VLF": 608.0813806391496, "BPM": 72.0, "HF": 176.58000127768875, "SDANN": 98, "TP": 1969.9770742948538, "id": "23de2148-ddf9-4ef9-b154-2e9cbe221e9c", "Error": false, "startTime": 1551853055, "HF_Norm": 0.3109711180983171, "RMSSD": 22}, {"SDNN": 99, "SDNN_I": 38, "ANS_AGE": 0, "endTime": 1552025853, "LF_Norm": 0.5981429922626206, "LF": 714.2280468125285, "LFoverHF": 1.700361327715612, "VLF": 801.8701886960774, "BPM": 67.0, "HF": 420.0448664473415, "SDANN": 115, "TP": 2675.1103777756707, "id": "8f166a71-e464-4862-86f2-3229157e9056", "Error": false, "startTime": 1551939454, "HF_Norm": 0.35177405091081965, "RMSSD": 24}, {"SDNN": 0, "SDNN_I": 0, "ANS_AGE": 0, "endTime": 1552112252, "LF_Norm": 0, "LF": 0, "LFoverHF": 0, "VLF": 0, "BPM": 0, "HF": 0, "SDANN": 0, "TP": 0, "id": "2a20dd20-2b62-4954-a2f5-e9d7724f28d6", "Error": true, "startTime": 1552025853, "HF_Norm": 0, "RMSSD": 0}], "af": [{"tmsAFs": [], "maxHR": 106, "beatsInTachy": 0, "maxHRTms": 1551939145, "pauseBeats": 0, "brady_stat": {}, "SVBeats": 201659, "numTag": 10, "beatsInBrady": 0, "tachy_stat": {}, "numAF": 0, "numSVEB": 126, "id": "52a50ace-0d8a-44d8-9347-ae3c0594285b", "VBeats": 0, "minHRTms": 1551995228, "pauseBeatsTms": [], "avgHR_night": 63, "totalBeats": 201659, "numPVC": 76, "tmsTags": ["1551853117", "1551881581", "1551882644", "1551891482", "1551926001", "1551969432", "1551970813", "1551977432", "1551977432", "1552015358"], "beatsInBradyTms": [], "minHR": 49, "beatsInTachyTms": [], "avgHR_day": 73, "avgHR": 69}], "Q_factor": [{"good_percentage": 0.9910251984811874, "bad_min": [1551879396, 1551881796, 1551881856, 1551882036, 1551882156, 1551927516, 1551927576, 1551939396, 1551951816, 1551956016, 1551969276, 1551969396, 1551969456, 1551969576, 1551969636, 1551969696, 1551969816, 1551969936, 1552022016, 1552022076, 1552025136, 1552025916, 1552025976, 1552026696, 1552026756, 1552026816], "total_length": 2897, "bad_length": 26}], "activity": [{"endTime": 1552026942, "id": "d79831bf-261e-40cc-8dc9-ba088943220a", "startTime": 1551853056}], "id": "8641dec9-6508-4002-942b-e18fd81da292", "sleep": [{"SOL": 8, "inBedTime": 528, "WASO": 53, "AHI": 2, "efficiency": 88.468809073724, "pct_light": 73.71794871794873, "pct_rem": 7.6923076923076925, "slp_idx": [4, 4, 4, 4, 4, 4, 4, 4, 2, 2, 2, 2, 2, 2, 2, 2, 2, 2, 2, 2, 2, 2, 2, 2, 2, 2, 2, 2, 2, 2, 2, 2, 2, 2, 2, 2, 2, 2, 2, 2, 2, 2, 2, 2, 2, 1, 1, 1, 2, 2, 2, 2, 2, 2, 2, 2, 2, 2, 2, 2, 2, 2, 2, 2, 2, 2, 2, 2, 4, 4, 2, 2, 2, 2, 2, 2, 2, 2, 2, 2, 2, 2, 2, 2, 2, 2, 1, 1, 1, 1, 1, 1, 1, 1, 1, 1, 1, 1, 1, 1, 1, 1, 1, 1, 1, 1, 1, 1, 1, 4, 4, 1, 1, 1, 1, 1, 1, 1, 1, 1, 1, 1, 1, 1, 1, 1, 4, 4, 4, 4, 4, 1, 2, 2, 2, 2, 2, 2, 2, 2, 2, 2, 2, 2, 2, 2, 2, 2, 2, 2, 2, 2, 2, 2, 2, 2, 2, 3, 3, 3, 3, 3, 3, 4, 4, 2, 2, 2, 2, 2, 4, 4, 2, 2, 2, 2, 2, 2, 2, 2, 2, 2, 2, 2, 2, 2, 2, 2, 2, 2, 2, 2, 2, 2, 2, 2, 2, 2, 2, 2, 2, 2, 2, 2, 2, 1, 1, 4, 4, 4, 4, 4, 4, 3, 3, 3, 3, 3, 2, 2, 2, 2, 2, 2, 2, 2, 2, 2, 2, 2, 2, 2, 2, 2, 2, 2, 2, 2, 2, 2, 2, 2, 2, 2, 2, 2, 2, 2, 2, 2, 2, 2, 2, 2, 2, 2, 2, 2, 2, 2, 2, 4, 4, 4, 3, 3, 3, 4, 4, 3, 3, 2, 2, 2, 2, 2, 4, 4, 2, 2, 2, 2, 2, 2, 2, 2, 2, 2, 2, 2, 2, 2, 2, 2, 2, 2, 1, 1, 1, 1, 2, 2, 2, 2, 2, 2, 2, 1, 1, 1, 1, 1, 1, 1, 1, 1, 1, 1, 4, 4, 3, 4, 4, 3, 3, 2, 2, 2, 2, 2, 2, 2, 2, 3, 3, 3, 2, 2, 2, 2, 2, 2, 2, 2, 2, 2, 2, 2, 2, 2, 2, 4, 4, 4, 1, 1, 1, 4, 4, 4, 4, 2, 2, 2, 4, 4, 4, 4, 2, 3, 3, 3, 2, 2, 2, 2, 2, 2, 2, 2, 2, 2, 2, 2, 2, 4, 4, 4, 4, 4, 4, 1, 1, 4, 4, 2, 2, 2, 2, 2, 2, 2, 2, 2, 2, 2, 2, 2, 2, 2, 2, 2, 2, 2, 2, 2, 2, 1, 1, 1, 1, 1, 1, 1, 1, 1, 1, 1, 1, 1, 1, 1, 2, 2, 4, 4, 2, 2, 3, 3, 3, 3, 2, 2, 2, 2, 2, 2, 2, 2, 2, 2, 2, 2, 2, 2, 2, 3, 3, 3, 3, 3, 4, 4, 2, 2, 2, 2, 2, 2, 2, 2, 2, 2, 2, 2, 2, 3, 3, 2, 2, 2, 2, 2, 2, 2, 1, 1, 2, 2, 2, 2, 2, 2, 2, 2, 2, 2, 2, 2, 2, 2, 2, 2, 2, 2, 2, 2, 2, 2, 2, 2, 2, 2, 2, 2, 2, 2, 2, 2, 2, 1, 1, 1, 1, 1, 1, 2, 2, 4, 4, 4, 4, 4, 4, 4, 4, 4, 4, 4, 4, 4, 4], "sleepEndTime": 1551926435, "id": "ff72721d-f089-43a9-ae5f-b55d7a0395b4", "sleepStartTime": 1551893795, "pct_deep": 18.58974358974359}, {"SOL": 10, "inBedTime": 485, "WASO": 62, "AHI": 10, "efficiency": 85.18518518518519, "pct_light": 65.45893719806763, "pct_rem": 9.903381642512077, "slp_idx": [4, 4, 4, 4, 4, 4, 4, 4, 4, 4, 2, 2, 2, 2, 2, 2, 2, 2, 2, 2, 2, 2, 2, 2, 2, 2, 2, 2, 2, 2, 2, 2, 2, 2, 2, 2, 2, 2, 2, 2, 2, 2, 2, 2, 2, 1, 1, 1, 1, 1, 1, 1, 1, 1, 1, 1, 1, 1, 2, 2, 2, 2, 2, 2, 2, 2, 2, 3, 3, 3, 2, 2, 2, 2, 2, 2, 2, 2, 2, 2, 2, 2, 3, 3, 3, 2, 2, 2, 3, 3, 3, 3, 3, 3, 2, 2, 2, 2, 2, 2, 2, 2, 2, 2, 2, 2, 2, 2, 2, 2, 2, 2, 1, 1, 1, 1, 1, 1, 1, 1, 1, 1, 1, 1, 1, 1, 1, 1, 1, 2, 2, 2, 2, 2, 2, 2, 2, 1, 1, 1, 1, 1, 1, 1, 4, 4, 4, 4, 4, 2, 2, 2, 2, 2, 2, 2, 2, 2, 2, 2, 2, 2, 2, 2, 2, 2, 2, 2, 2, 2, 2, 2, 2, 2, 2, 2, 2, 2, 2, 2, 2, 2, 2, 2, 2, 2, 2, 2, 2, 2, 2, 2, 2, 2, 2, 2, 2, 3, 3, 3, 3, 2, 2, 2, 2, 2, 2, 2, 2, 2, 2, 2, 2, 4, 4, 4, 4, 4, 4, 4, 2, 4, 4, 4, 4, 4, 2, 2, 2, 4, 4, 4, 2, 2, 2, 4, 4, 4, 2, 4, 4, 4, 2, 2, 2, 2, 2, 2, 4, 4, 4, 4, 1, 1, 1, 3, 3, 4, 4, 1, 4, 4, 4, 4, 1, 1, 1, 1, 1, 2, 2, 2, 4, 4, 3, 4, 4, 4, 4, 4, 4, 3, 3, 2, 2, 2, 2, 2, 2, 2, 2, 2, 2, 2, 2, 4, 4, 2, 2, 2, 2, 2, 2, 2, 2, 2, 2, 2, 2, 2, 2, 2, 2, 2, 2, 2, 2, 2, 2, 2, 2, 2, 2, 2, 2, 4, 4, 4, 4, 3, 3, 3, 2, 2, 2, 2, 2, 2, 4, 4, 4, 2, 2, 2, 2, 2, 2, 2, 3, 3, 3, 4, 4, 4, 4, 3, 3, 2, 2, 1, 2, 2, 2, 2, 2, 2, 2, 2, 2, 2, 2, 2, 2, 2, 2, 2, 2, 2, 2, 3, 3, 3, 3, 3, 3, 3, 3, 3, 3, 2, 2, 2, 1, 1, 1, 1, 1, 1, 1, 1, 1, 1, 1, 1, 1, 1, 1, 1, 1, 1, 1, 1, 1, 1, 1, 1, 1, 1, 1, 1, 1, 1, 1, 1, 1, 1, 1, 1, 1, 1, 1, 1, 1, 1, 1, 1, 1, 1, 1, 1, 1, 1, 1, 1, 1, 1, 1, 3, 3, 2, 2, 2, 2, 2, 2, 2, 2, 2, 2, 2, 2, 2, 4, 4, 2, 2, 2, 4, 4, 4, 2, 2, 2, 2, 2, 2, 2, 2, 2, 2, 2, 2, 2, 2, 2, 2, 4, 4, 4, 4, 4, 4, 4, 4, 4], "sleepEndTime": 1552014875, "id": "056a08db-6e9b-49ed-ac53-9ac16f914961", "sleepStartTime": 1551985115, "pct_deep": 24.637681159420293}], "mode": 2}