{"Q_factor": [{"total_length": 2889, "bad_min": [1539671660, 1539671720, 1539671900, 1539671960, 1539744860, 1539744920], "bad_length": 6, "good_percentage": 0.9979231568016614}], "sleep": [{"slp_idx": [4, 4, 4, 4, 4, 4, 4, 4, 4, 4, 4, 4, 4, 4, 4, 4, 4, 1, 1, 1, 1, 1, 1, 1, 1, 1, 1, 1, 1, 1, 1, 1, 1, 1, 1, 1, 1, 1, 1, 1, 1, 1, 1, 1, 1, 2, 2, 2, 2, 2, 2, 2, 2, 2, 2, 2, 2, 2, 1, 1, 1, 1, 1, 1, 1, 1, 1, 1, 1, 1, 1, 1, 1, 1, 1, 1, 2, 2, 2, 2, 2, 2, 2, 2, 2, 2, 2, 4, 4, 4, 4, 4, 4, 4, 4, 4, 2, 2, 4, 4, 4, 4, 3, 3, 3, 3, 3, 3, 4, 4, 2, 2, 2, 2, 2, 2, 2, 2, 2, 2, 2, 2, 2, 2, 2, 2, 2, 2, 2, 2, 4, 4, 2, 2, 2, 2, 2, 2, 2, 2, 2, 2, 2, 1, 2, 2, 2, 2, 2, 2, 2, 1, 1, 1, 1, 1, 1, 1, 1, 1, 1, 1, 1, 1, 1, 1, 1, 1, 1, 1, 2, 2, 2, 2, 2, 2, 2, 2, 2, 1, 1, 1, 1, 1, 1, 2, 2, 2, 2, 2, 2, 2, 2, 2, 2, 2, 2, 2, 2, 2, 2, 2, 2, 2, 4, 4, 4, 4, 4, 4, 4, 4, 2, 2, 4, 4, 4, 4, 3, 3, 3, 4, 4, 4, 4, 4, 4, 3, 3, 2, 2, 2, 2, 2, 2, 2, 2, 2, 4, 4, 4, 4, 4, 4, 4, 4, 4, 4, 4, 4, 4, 2, 2, 2, 2, 2, 2, 2, 2, 2, 2, 2, 2, 2, 3, 3, 3, 3, 3, 3, 3, 2, 2, 2, 2, 3, 3, 3, 2, 2, 2, 2, 2, 2, 2, 2, 2, 4, 4, 4, 3, 4, 4, 3, 3, 3, 3, 3, 3, 2, 2, 2, 2, 2, 2, 2, 2, 2, 2, 2, 2, 2, 2, 2, 2, 2, 2, 2, 2, 1, 2, 2, 2, 2, 2, 2, 2, 2, 2, 2, 2, 2, 2, 3, 3, 3, 3, 3, 3, 4, 4, 4, 4, 4, 2, 2, 2, 2, 2, 2, 2, 2, 2, 4, 4, 2, 2, 2, 2, 2, 2, 2, 2, 2, 2, 2, 2, 2, 2, 2, 2, 2, 2, 2, 2, 2, 1, 1, 1, 1, 1, 1, 1, 1, 1, 1, 1, 1, 1, 1, 1, 1, 1, 1, 2, 2, 2, 2, 2, 2, 2, 2, 2, 2, 2, 2, 2, 2, 2, 2, 2, 2, 2, 2, 2, 2, 3, 3, 4, 4, 2, 2, 2, 2, 2, 2, 2, 2, 2, 2, 2, 2, 2, 2, 2, 2, 2, 2, 2, 2, 2, 2, 2, 2, 2, 2, 4, 4, 2, 2, 2, 2, 2, 2, 2, 2, 2, 2, 2, 2, 2, 2, 2, 2, 2, 2, 2, 2, 2, 2, 2, 2, 2, 2, 2, 2, 2, 2, 2, 2, 2, 2, 2, 2, 2, 2, 2, 2, 3, 3, 3, 3, 3, 3, 3, 3, 3, 3, 3, 3, 3, 3, 3, 3, 2, 2, 2, 2, 2, 2, 2, 2, 2, 2, 2, 2, 2, 2, 2, 2, 2, 2, 2, 3, 3, 2, 2, 2, 2, 2, 2, 2, 2, 2, 2, 2, 2, 3, 3, 3, 3, 2, 4, 4, 4, 4, 2, 2, 2, 3, 3, 3, 3, 3, 3, 2, 2, 2, 2, 4, 4, 2, 2, 2, 2, 2, 2, 2, 2, 2, 2, 2, 2, 2, 2, 2, 2, 2, 2, 2, 2, 2, 2, 2, 2, 2, 2, 2, 2, 2, 2, 2, 2, 2, 2, 2, 2, 2, 2, 2, 2, 2, 4, 4, 4, 4, 4, 4, 4, 4], "pct_rem": 12.427184466019417, "inBedTime": 601, "pct_deep": 17.66990291262136, "WASO": 70, "AHI": 36, "pct_light": 69.90291262135922, "efficiency": 85.54817275747509, "sleepStartTime": 1539618499, "SOL": 17, "sleepEndTime": 1539655099, "id": "474c5b07-34b9-4068-93f8-f0ca6365c784"}, {"slp_idx": [4, 4, 4, 4, 4, 4, 4, 4, 4, 4, 4, 4, 4, 4, 4, 4, 4, 4, 4, 4, 4, 1, 1, 1, 1, 1, 2, 2, 3, 3, 3, 3, 2, 2, 2, 2, 3, 3, 2, 1, 1, 3, 3, 3, 3, 4, 4, 4, 3, 3, 1, 1, 2, 2, 2, 2, 2, 2, 1, 1, 1, 1, 1, 1, 2, 2, 4, 4, 4, 2, 2, 2, 2, 2, 2, 2, 1, 1, 1, 1, 1, 1, 4, 4, 4, 3, 3, 4, 4, 4, 3, 4, 4, 4, 3, 3, 4, 4, 1, 1, 1, 1, 1, 3, 3, 3, 4, 4, 4, 4, 4, 4, 3, 3, 3, 1, 1, 1, 1, 1, 1, 1, 1, 1, 1, 1, 2, 2, 2, 2, 2, 2, 2, 1, 1, 1, 1, 1, 1, 1, 1, 1, 1, 1, 1, 1, 1, 1, 1, 1, 2, 2, 2, 2, 2, 2, 2, 2, 2, 1, 2, 2, 2, 2, 2, 2, 2, 2, 2, 2, 2, 2, 2, 2, 2, 2, 2, 2, 2, 2, 2, 2, 2, 2, 2, 2, 2, 2, 2, 2, 2, 2, 2, 2, 2, 2, 2, 3, 3, 3, 3, 3, 2, 2, 4, 4, 4, 2, 2, 2, 2, 2, 3, 3, 3, 2, 4, 4, 4, 4, 4, 4, 2, 2, 2, 2, 2, 2, 3, 3, 3, 3, 2, 2, 2, 2, 1, 1, 1, 1, 2, 2, 2, 2, 2, 2, 2, 1, 1, 1, 2, 2, 2, 2, 2, 2, 2, 2, 2, 2, 2, 2, 2, 2, 1, 2, 2, 2, 2, 2, 2, 2, 2, 2, 2, 2, 2, 2, 2, 2, 2, 2, 2, 2, 2, 2, 2, 2, 2, 2, 2, 2, 2, 2, 2, 2, 2, 2, 3, 3, 2, 2, 2, 2, 2, 2, 2, 2, 2, 2, 2, 2, 2, 2, 2, 2, 2, 2, 2, 2, 2, 2, 2, 2, 2, 2, 3, 4, 4, 4, 3, 3, 2, 2, 2, 2, 2, 2, 2, 2, 2, 2, 2, 3, 3, 2, 2, 4, 4, 1, 2, 2, 2, 2, 2, 2, 2, 2, 2, 2, 2, 2, 2, 2, 2, 2, 2, 2, 2, 2, 2, 2, 2, 2, 2, 2, 2, 2, 2, 2, 2, 2, 2, 2, 2, 2, 2, 2, 2, 2, 2, 2, 2, 2, 2, 2, 2, 2, 2, 2, 2, 2, 2, 2, 2, 2, 2, 2, 2, 2, 2, 2, 2, 2, 2, 2, 2, 2, 2, 2, 2, 2, 2, 2, 2, 2, 2, 2, 2, 2, 2, 2, 2, 2, 2, 2, 2, 2, 2, 2, 2, 2, 2, 2, 2, 2, 2, 2, 2, 4, 4, 4, 4, 4, 4, 4, 4], "pct_rem": 10.741687979539643, "inBedTime": 448, "pct_deep": 16.36828644501279, "WASO": 37, "AHI": 1, "pct_light": 72.89002557544757, "efficiency": 87.08240534521158, "sleepStartTime": 1539705499, "SOL": 21, "sleepEndTime": 1539732919, "id": "3c16b655-28e0-4e69-be3c-7ec47f229a03"}], "af": [{"pauseBeatsTms": [], "tmsTags": [1539744895, 1539744952, 1539744963, 1539744999], "tmsAFs": [], "numSVEB": 257, "SVBeats": 238287, "avgHR_night": 76, "minHRTms": 1539634648, "maxHR": 131, "brady_stat": {}, "beatsInBrady": 0, "VBeats": 0, "tachy_stat": {"1539696104": [4, 130, 130, 130]}, "numPVC": 412, "id": "c9472d53-8d0d-47d9-9390-e132fe39dd76", "numAF": 0, "beatsInTachyTms": [1539696104], "maxHRTms": 1539696113, "avgHR_day": 85, "numTag": 4, "beatsInTachy": 6, "beatsInBradyTms": [], "avgHR": 81, "pauseBeats": 0, "totalBeats": 238287, "minHR": 44}], "id": "fc44ad15-1d07-4e31-a552-2472f8a0ac03", "hrv": [{"BPM": 74.0, "SDNN_I": 66, "startTime": 1539571639, "ANS_AGE": 0, "HF_Norm": 0.3062468211377871, "LFoverHF": 2.157560734746535, "SDANN": 101, "LF": 774.733833393725, "Error": false, "TP": 6756.77170805176, "VLF": 2621.2545125712527, "SDNN": 123, "LF_Norm": 0.6607461164278347, "id": "aa628237-f30a-45c2-abb0-902b66996a8e", "HF": 359.0785746686009, "RMSSD": 27, "endTime": 1539658038}, {"BPM": 91.0, "SDNN_I": 24, "startTime": 1539658038, "ANS_AGE": 0, "HF_Norm": 0.34577300408038036, "LFoverHF": 1.6316988055331927, "SDANN": 59, "LF": 138.91306377170753, "Error": false, "TP": 1036.4411997278028, "VLF": 384.1937448715426, "SDNN": 65, "LF_Norm": 0.5641973977435804, "id": "802986b4-bc48-48bd-bbc2-5423f3791ef8", "HF": 85.13401082396129, "RMSSD": 13, "endTime": 1539744437}, {"BPM": 0, "SDNN_I": 0, "startTime": 1539744437, "ANS_AGE": 0, "HF_Norm": 0, "LFoverHF": 0, "SDANN": 0, "LF": 0, "Error": true, "TP": 0, "VLF": 0, "SDNN": 0, "LF_Norm": 0, "id": "b6121f6b-b9ec-4c45-8482-9a68fd426254", "HF": 0, "RMSSD": 0, "endTime": 1539830836}], "mode": 2, "activity": [{"startTime": 1539571640, "id": "094c5913-8d3b-4d72-b3f6-649d92463ad6", "endTime": 1539745026}]}