{"Q_factor": [{"total_length": 2886, "bad_min": [1540198752, 1540198812, 1540198872, 1540199052, 1540199412, 1540199472, 1540207392, 1540207572, 1540218672, 1540218732, 1540218792, 1540218912, 1540219212, 1540219992, 1540220472, 1540256532, 1540256592, 1540258032, 1540274892, 1540274952, 1540300212, 1540300272, 1540300332, 1540300392, 1540300512, 1540300632, 1540300692, 1540300812, 1540300872, 1540300932, 1540300992, 1540304652, 1540304712, 1540361592, 1540362672], "bad_length": 35, "good_percentage": 0.9878724878724878}], "sleep": [{"slp_idx": [4, 4, 4, 4, 4, 4, 4, 2, 2, 2, 2, 2, 2, 2, 1, 1, 1, 1, 2, 2, 2, 2, 2, 2, 2, 2, 2, 2, 2, 2, 2, 2, 2, 2, 2, 2, 2, 2, 2, 2, 2, 2, 2, 2, 2, 2, 2, 2, 2, 2, 2, 2, 2, 2, 2, 2, 2, 2, 2, 2, 2, 2, 2, 2, 4, 4, 4, 4, 2, 2, 2, 2, 2, 2, 2, 2, 2, 2, 2, 2, 2, 2, 4, 4, 4, 4, 4, 3, 3, 3, 3, 3, 3, 2, 2, 2, 2, 2, 2, 1, 1, 1, 2, 2, 2, 2, 2, 2, 2, 2, 2, 2, 3, 3, 3, 3, 3, 3, 3, 3, 3, 3, 3, 2, 4, 4, 1, 1, 1, 1, 1, 1, 1, 1, 1, 1, 1, 1, 1, 1, 1, 1, 1, 1, 1, 1, 1, 1, 1, 1, 1, 1, 1, 1, 1, 3, 3, 3, 3, 3, 3, 3, 3, 3, 3, 3, 3, 3, 3, 3, 3, 3, 3, 3, 3, 3, 2, 2, 4, 4, 4, 2, 2, 2, 4, 4, 2, 2, 3, 3, 3, 2, 2, 2, 2, 3, 3, 2, 2, 2, 2, 2, 2, 4, 4, 4, 4, 4, 4, 2, 2, 2, 2, 2, 2, 2, 2, 2, 2, 2, 2, 2, 2, 2, 2, 2, 2, 2, 2, 2, 2, 2, 2, 2, 2, 2, 2, 2, 2, 2, 2, 2, 2, 2, 2, 2, 2, 2, 2, 2, 2, 1, 2, 2, 2, 2, 2, 2, 2, 1, 2, 2, 2, 2, 2, 2, 2, 2, 2, 2, 2, 4, 4, 4, 4, 4, 4, 4, 4, 4, 4, 4, 4, 4, 4, 4, 4, 4, 4, 4, 4, 4, 4, 4, 2, 2, 2, 2, 2, 2, 2, 2, 3, 3, 3, 4, 4, 3, 3, 3, 3, 3, 3, 4, 4, 3, 3, 2, 2, 2, 2, 2, 2, 2, 2, 2, 2, 2, 2, 2, 2, 2, 2, 2, 2, 2, 2, 2, 2, 2, 2, 2, 2, 2, 1, 2, 2, 2, 2, 2, 2, 2, 2, 2, 2, 2, 2, 2, 2, 2, 2, 2, 2, 2, 2, 2, 2, 2, 2, 2, 2, 2, 2, 3, 3, 2, 2, 2, 2, 2, 2, 2, 2, 2, 2, 2, 2, 2, 2, 2, 4, 4, 2, 2, 1, 3, 4, 4, 4, 4, 4, 4, 3, 2, 2, 2, 2, 4, 4, 4, 4, 4, 4, 4, 4, 2, 4, 4, 2, 2, 2, 2, 2, 2, 3, 3, 3, 3, 2, 2, 2, 2, 2, 2, 2, 2, 2, 2, 2, 2, 2, 2, 2, 2, 2, 2, 2, 2, 2, 2, 2, 4, 4, 4, 4, 4, 4, 4, 4, 4, 4, 4, 4, 4, 4, 4, 4, 4, 4, 4, 4, 4, 4, 4, 4, 4, 4, 4, 4, 4, 4, 4, 4, 4, 4, 4, 4, 4, 4, 4, 4, 4, 4, 4, 4, 4, 4, 4, 4, 4, 4], "pct_rem": 16.445623342175068, "inBedTime": 450, "pct_deep": 10.610079575596817, "WASO": 67, "AHI": 4, "pct_light": 72.94429708222812, "efficiency": 83.5920177383592, "sleepStartTime": 1540227311, "SOL": 7, "sleepEndTime": 1540257371, "id": "2de5ef91-3e8d-4219-ae8c-36e354af89bd"}, {"slp_idx": [4, 4, 4, 4, 4, 4, 4, 4, 4, 4, 4, 4, 4, 1, 1, 1, 1, 1, 1, 1, 1, 1, 1, 1, 1, 1, 1, 1, 1, 1, 1, 1, 1, 1, 1, 1, 1, 1, 1, 1, 1, 1, 1, 1, 1, 1, 1, 1, 1, 1, 2, 2, 2, 2, 3, 3, 3, 3, 3, 3, 3, 3, 3, 3, 2, 2, 2, 2, 2, 2, 2, 2, 2, 2, 2, 2, 2, 2, 2, 2, 2, 2, 2, 2, 2, 2, 2, 2, 2, 2, 2, 2, 2, 2, 2, 2, 2, 2, 2, 2, 2, 2, 2, 2, 2, 2, 2, 2, 2, 2, 2, 2, 2, 2, 2, 2, 2, 2, 2, 2, 4, 4, 4, 4, 4, 4, 4, 4, 2, 2, 2, 2, 2, 2, 2, 2, 2, 2, 2, 3, 3, 3, 3, 3, 3, 1, 1, 1, 1, 1, 1, 1, 1, 1, 1, 1, 1, 1, 1, 3, 3, 3, 3, 2, 2, 2, 2, 2, 2, 2, 2, 1, 1, 1, 1, 1, 1, 1, 2, 3, 3, 3, 3, 4, 4, 4, 4, 3, 3, 3, 3, 3, 3, 3, 3, 3, 3, 4, 4, 4, 4, 3, 4, 4, 3, 3, 4, 4, 4, 4, 4, 4, 3, 3, 3, 3, 3, 3, 3, 3, 3, 3, 3, 3, 3, 3, 3, 3, 2, 2, 2, 2, 2, 2, 2, 2, 2, 2, 2, 2, 2, 2, 2, 2, 2, 2, 2, 2, 2, 2, 2, 2, 2, 2, 2, 2, 1, 1, 1, 1, 1, 1, 1, 1, 1, 1, 1, 1, 1, 2, 2, 2, 2, 2, 2, 2, 2, 2, 2, 1, 1, 1, 1, 1, 1, 1, 1, 1, 1, 1, 1, 1, 2, 2, 2, 4, 4, 4, 4, 4, 4, 2, 2, 3, 3, 3, 3, 3, 2, 2, 2, 3, 3, 3, 4, 4, 2, 2, 2, 2, 2, 2, 2, 2, 2, 2, 2, 2, 2, 2, 2, 2, 2, 2, 2, 2, 2, 2, 2, 2, 2, 2, 2, 2, 2, 2, 2, 2, 2, 2, 2, 2, 2, 2, 2, 2, 3, 4, 4, 4, 4, 4, 4, 4, 4, 4, 4, 4, 3, 3, 3, 3, 3, 4, 4, 2, 2, 2, 2, 2, 2, 2, 2, 2, 2, 2, 2, 2, 2, 2, 2, 2, 2, 2, 2, 2, 2, 2, 1, 2, 2, 2, 2, 2, 2, 2, 2, 1, 2, 2, 4, 4, 4, 4, 4, 4, 4, 4, 2, 2, 2, 2, 2, 2, 2, 2, 2, 2, 2, 2, 2, 2, 3, 3, 3, 3, 3, 2, 2, 2, 2, 4, 4, 4, 1, 2, 2, 3, 3, 3, 3, 3, 2, 4, 4, 2, 2, 2, 2, 2, 2, 2, 2, 2, 2, 2, 2, 2, 2, 2, 2, 4, 4, 4, 3, 3, 2, 2, 2, 2, 2, 2, 2, 2, 2, 2, 2, 2, 2, 2, 2, 2, 2, 2, 2, 2, 2, 2, 2, 2, 2, 2, 2, 2, 2, 2, 2, 2, 2, 2, 2, 2, 2, 2, 2, 2, 2, 2, 2, 2, 2, 2, 2, 2, 2, 3, 3, 2, 4, 4, 2, 2, 2, 2, 3, 3, 3, 2, 2, 2, 2, 2, 2, 2, 2, 2, 2, 2, 3, 3, 3, 3, 2, 2, 2, 2, 2, 2, 2, 2, 2, 2, 2, 2, 2, 2, 2, 2, 2, 2, 2, 2, 2, 2, 2, 2, 2, 2, 2, 2, 2, 2, 2, 2, 2, 2, 2, 2, 2, 2, 2, 2, 2, 2, 2, 2, 2, 2, 2, 2, 2, 2, 2, 2, 2, 2, 2, 2, 2, 2, 3, 3, 3, 3, 2, 4, 4, 4, 4, 4, 4, 4, 4, 4, 4, 4], "pct_rem": 17.068645640074212, "inBedTime": 614, "pct_deep": 16.14100185528757, "WASO": 63, "AHI": 4, "pct_light": 66.79035250463822, "efficiency": 87.64227642276423, "sleepStartTime": 1540312751, "SOL": 13, "sleepEndTime": 1540350311, "id": "7b51d29c-8515-4d95-97fc-fd6bd8c95ac8"}], "af": [{"pauseBeatsTms": [], "tmsTags": [1540189624, 1540192352, 1540258227], "tmsAFs": [], "numSVEB": 612, "SVBeats": 222395, "avgHR_night": 66, "minHRTms": 1540333658, "maxHR": 114, "brady_stat": {}, "beatsInBrady": 0, "VBeats": 0, "tachy_stat": {}, "numPVC": 176, "id": "9d786ab3-f804-4baf-866d-305500300208", "numAF": 0, "beatsInTachyTms": [], "maxHRTms": 1540283829, "avgHR_day": 83, "numTag": 3, "beatsInTachy": 0, "beatsInBradyTms": [], "avgHR": 76, "pauseBeats": 0, "totalBeats": 222395, "minHR": 50}], "id": "ce643dff-d75e-428c-b2df-131003373c28", "hrv": [{"BPM": 77.0, "SDNN_I": 33, "startTime": 1540189571, "ANS_AGE": 0, "HF_Norm": 0.2872448307677886, "LFoverHF": 2.273492520390548, "SDANN": 93, "LF": 433.37838292628055, "Error": false, "TP": 1789.2631257562239, "VLF": 858.1516547400984, "SDNN": 98, "LF_Norm": 0.6530489742714163, "id": "cbffe131-c1a0-4795-ae92-13d8bd3b1423", "HF": 190.62230424749026, "RMSSD": 23, "endTime": 1540275970}, {"BPM": 77.0, "SDNN_I": 36, "startTime": 1540275970, "ANS_AGE": 0, "HF_Norm": 0.2844996691979189, "LFoverHF": 2.273844549586047, "SDANN": 108, "LF": 563.1600637754278, "Error": false, "TP": 1590.0965865736255, "VLF": 559.2426182400367, "SDNN": 111, "LF_Norm": 0.6469080221647212, "id": "635eea17-9ce6-4c47-99c1-a2e1d3e0ed54", "HF": 247.66867369097463, "RMSSD": 25, "endTime": 1540362369}, {"BPM": 0, "SDNN_I": 0, "startTime": 1540362369, "ANS_AGE": 0, "HF_Norm": 0, "LFoverHF": 0, "SDANN": 0, "LF": 0, "Error": true, "TP": 0, "VLF": 0, "SDNN": 0, "LF_Norm": 0, "id": "a8ed3583-f32c-423e-b960-c656c2ff54fb", "HF": 0, "RMSSD": 0, "endTime": 1540448768}], "mode": 2, "activity": [{"startTime": 1540189572, "id": "0f843734-e254-4f81-a827-13166f5883d8", "endTime": 1540362766}]}