{"Q_factor": [{"total_length": 2879, "bad_min": [1539005336, 1539005396, 1539005576, 1539072116, 1539072236, 1539076076, 1539076316, 1539076376, 1539081416, 1539081716, 1539081776, 1539081836, 1539084716, 1539084836, 1539084896, 1539084956, 1539085016, 1539085076, 1539085136, 1539085196, 1539085256, 1539085376, 1539085436, 1539089036, 1539089096, 1539090896, 1539134876, 1539148076, 1539148136, 1539148196], "bad_length": 30, "good_percentage": 0.9895797151788815}], "sleep": [{"slp_idx": [4, 4, 4, 4, 4, 4, 4, 4, 4, 4, 4, 4, 4, 4, 4, 4, 4, 4, 4, 4, 4, 4, 4, 4, 4, 4, 4, 4, 4, 4, 4, 4, 4, 4, 4, 4, 4, 4, 1, 1, 1, 1, 1, 1, 1, 1, 1, 1, 1, 4, 4, 4, 4, 4, 4, 4, 4, 4, 4, 4, 4, 4, 4, 4, 4, 4, 4, 4, 4, 4, 4, 2, 2, 4, 4, 3, 3, 3, 4, 4, 3, 3, 3, 3, 3, 3, 3, 3, 3, 2, 2, 4, 4, 4, 4, 4, 4, 4, 2, 2, 2, 2, 2, 1, 1, 1, 1, 1, 1, 2, 2, 2, 3, 3, 3, 3, 3, 3, 3, 3, 2, 2, 2, 2, 3, 3, 2, 1, 1, 1, 1, 1, 3, 3, 1, 1, 1, 2, 2, 2, 2, 2, 2, 2, 3, 3, 3, 3, 3, 3, 3, 3, 3, 3, 3, 3, 3, 2, 2, 1, 2, 2, 2, 3, 3, 3, 3, 3, 3, 3, 3, 3, 3, 3, 3, 3, 3, 3, 3, 2, 2, 2, 2, 4, 4, 1, 1, 1, 1, 1, 1, 1, 1, 1, 4, 4, 1, 4, 4, 2, 2, 2, 2, 2, 2, 2, 1, 1, 1, 1, 1, 1, 1, 1, 1, 1, 1, 1, 1, 1, 1, 1, 2, 4, 4, 4, 4, 4, 2, 2, 2, 2, 2, 2, 2, 2, 2, 2, 1, 2, 2, 2, 2, 2, 2, 2, 2, 2, 1, 1, 1, 1, 1, 1, 1, 1, 1, 2, 2, 2, 2, 2, 2, 2, 2, 2, 2, 2, 2, 4, 4, 4, 2, 2, 2, 2, 2, 2, 1, 1, 1, 1, 1, 1, 2, 2, 2, 2, 2, 2, 2, 2, 2, 2, 2, 2, 2, 2, 2, 2, 2, 2, 2, 2, 4, 4, 2, 1, 2, 2, 2, 2, 2, 2, 2, 2, 2, 2, 2, 2, 2, 2, 2, 2, 2, 2, 2, 2, 2, 2, 2, 2, 2, 2, 2, 2, 2, 2, 2, 2, 2, 2, 2, 2, 2, 2, 2, 2, 2, 2, 2, 2, 3, 3, 3, 3, 2, 2, 2, 2, 3, 3, 2, 2, 2, 2, 2, 2, 2, 2, 2, 4, 2, 2, 2, 2, 2, 2, 2, 2, 2, 2, 2, 2, 2, 2, 2, 2, 2, 2, 2, 2, 4, 4, 4, 4, 2, 2, 2, 2, 2, 2, 2, 2, 2, 2, 2, 2, 2, 2, 2, 2, 2, 2, 2, 2, 2, 2, 2, 4, 2, 2, 2, 2, 2, 2, 2, 2, 2, 2, 2, 2, 2, 2, 4, 4, 3, 2, 2, 2, 2, 2, 2, 2, 2, 2, 2, 2, 2, 2, 2, 2, 2, 2, 2, 2, 2, 2, 2, 2, 2, 3, 3, 3, 1, 1, 1, 1, 1, 1, 1, 1, 1, 2, 2, 4, 4, 2, 2, 2, 2, 2, 2, 3, 3, 3, 3, 2, 4, 4, 4, 4, 2, 2, 2, 2, 2, 2, 2, 2, 2, 2, 2, 2, 2, 2, 2, 2, 2, 2, 2, 2, 2, 2, 2, 2, 2, 2, 2, 2, 2, 2, 2, 2, 2, 2, 2, 2, 2, 2, 2, 4, 4, 4, 4, 4, 4, 2, 2, 2, 2, 2, 2, 4, 4, 4, 4, 4, 4, 4, 4, 2, 2, 2, 2, 2, 2, 2, 2, 2, 2, 2, 2, 2, 2, 2, 2, 2, 2, 2, 2, 2, 2, 3, 4, 4, 4, 4, 4, 3, 2, 2, 2, 2, 2, 2, 2, 2, 2, 2, 2, 2, 2, 2, 2, 2, 2, 2, 2, 2, 2, 2, 4, 4, 4, 4, 4, 4, 4, 4, 4], "pct_rem": 14.315352697095435, "inBedTime": 601, "pct_deep": 16.182572614107883, "WASO": 82, "AHI": 0, "pct_light": 69.50207468879668, "efficiency": 80.06644518272425, "sleepStartTime": 1539007015, "SOL": 38, "sleepEndTime": 1539043735, "id": "be432166-a2da-4749-a630-9291d72a5adf"}, {"slp_idx": [4, 4, 4, 4, 4, 4, 4, 4, 4, 4, 4, 4, 4, 4, 4, 4, 4, 4, 4, 4, 4, 4, 4, 4, 4, 4, 4, 4, 4, 4, 4, 4, 4, 4, 4, 4, 4, 4, 4, 4, 4, 4, 4, 4, 4, 4, 4, 4, 4, 4, 4, 4, 4, 4, 4, 4, 4, 4, 2, 2, 2, 2, 2, 1, 1, 1, 1, 1, 1, 1, 1, 1, 1, 1, 1, 1, 1, 1, 1, 1, 1, 1, 1, 2, 2, 2, 2, 3, 3, 3, 2, 2, 2, 1, 3, 3, 3, 2, 2, 2, 2, 2, 2, 1, 2, 2, 2, 2, 2, 2, 2, 2, 2, 2, 2, 1, 1, 1, 1, 1, 1, 1, 1, 1, 1, 4, 4, 4, 4, 4, 4, 4, 4, 4, 2, 2, 2, 2, 2, 2, 2, 2, 2, 2, 2, 2, 2, 2, 1, 2, 2, 2, 2, 2, 2, 2, 3, 3, 2, 2, 2, 2, 2, 2, 2, 2, 2, 1, 1, 2, 2, 2, 2, 2, 2, 2, 2, 2, 2, 2, 2, 2, 2, 2, 2, 2, 3, 3, 3, 3, 3, 2, 4, 2, 2, 2, 2, 2, 2, 2, 2, 2, 2, 2, 2, 2, 2, 2, 2, 2, 1, 1, 1, 1, 1, 1, 1, 1, 1, 1, 1, 1, 1, 1, 1, 1, 1, 4, 2, 2, 2, 2, 2, 1, 1, 1, 1, 4, 2, 2, 2, 2, 2, 2, 2, 2, 2, 2, 2, 2, 2, 2, 2, 2, 2, 1, 2, 2, 2, 2, 2, 2, 2, 2, 2, 2, 2, 2, 2, 3, 3, 3, 3, 3, 3, 3, 3, 3, 3, 3, 3, 3, 4, 4, 4, 4, 4, 4, 4, 4, 4, 3, 3, 2, 2, 2, 2, 2, 2, 2, 1, 1, 1, 3, 3, 4, 4, 1, 1, 1, 1, 1, 1, 1, 1, 2, 2, 2, 2, 2, 2, 2, 2, 2, 2, 2, 2, 2, 2, 3, 3, 3, 3, 3, 3, 2, 2, 2, 2, 4, 3, 3, 3, 3, 2, 2, 2, 2, 2, 2, 2, 2, 2, 2, 2, 2, 2, 2, 2, 2, 2, 2, 2, 2, 2, 2, 2, 2, 2, 2, 2, 2, 2, 2, 2, 2, 4, 2, 2, 2, 2, 2, 2, 2, 2, 2, 2, 2, 2, 2, 2, 2, 2, 2, 2, 2, 2, 2, 2, 2, 2, 2, 2, 1, 1, 1, 1, 2, 2, 2, 2, 2, 2, 2, 2, 2, 2, 2, 2, 2, 2, 2, 2, 2, 2, 2, 2, 2, 2, 2, 2, 2, 2, 2, 2, 2, 2, 2, 2, 2, 2, 2, 2, 2, 2, 2, 2, 2, 2, 2, 2, 2, 2, 2, 2, 2, 2, 2, 2, 2, 2, 2, 2, 2, 2, 2, 2, 2, 2, 2, 2, 2, 2, 2, 2, 2, 2, 2, 2, 2, 2, 2, 2, 2, 2, 2, 2, 2, 2, 2, 2, 2, 2, 2, 2, 2, 2, 2, 2, 2, 4, 4, 4, 2, 2, 2, 2, 2, 2, 2, 2, 2, 2, 2, 2, 2, 2, 2, 2, 2, 2, 2, 2, 2, 2, 2, 2, 2, 2, 2, 2, 2, 2, 2, 2, 2, 2, 2, 2, 2, 2, 2, 2, 2, 2, 2, 2, 2, 2, 2, 2, 2, 2, 2, 2, 2, 2, 2, 2, 2, 2, 2, 2, 2, 2, 2, 2, 2, 2, 2, 2, 2, 2, 2, 2, 2, 2, 2, 2, 2, 2, 2, 2, 2, 2, 2, 2, 2, 2, 2, 2, 2, 2, 2, 2, 2, 2, 2, 2, 2, 2, 2, 2, 2, 2, 2, 2, 2, 2, 2, 2, 2, 2, 2, 2, 2, 2, 2, 2, 2, 2, 2, 2, 2, 2, 2, 2, 2, 2, 2, 2, 2, 2, 2, 2, 4, 4, 4, 4, 4, 4, 4, 4, 4, 4], "pct_rem": 7.285974499089254, "inBedTime": 634, "pct_deep": 13.114754098360656, "WASO": 28, "AHI": 0, "pct_light": 79.59927140255009, "efficiency": 86.45669291338582, "sleepStartTime": 1539094975, "SOL": 58, "sleepEndTime": 1539133735, "id": "0258e82e-49b3-43f9-a089-3290d4cd8e3e"}], "af": [{"pauseBeatsTms": [], "tmsTags": [], "tmsAFs": [], "numSVEB": 55, "SVBeats": 231397, "avgHR_night": 70, "minHRTms": 1539132969, "maxHR": 122, "brady_stat": {}, "beatsInBrady": 0, "VBeats": 0, "tachy_stat": {}, "numPVC": 244, "id": "17470e13-763a-44bb-9c11-ec906cd3c1ea", "numAF": 0, "beatsInTachyTms": [], "maxHRTms": 1539080499, "avgHR_day": 89, "numTag": 0, "beatsInTachy": 0, "beatsInBradyTms": [], "avgHR": 80, "pauseBeats": 0, "totalBeats": 231397, "minHR": 57}], "id": "fe9f4023-2a52-4fd9-89ef-fd5006c9784f", "hrv": [{"BPM": 80.0, "SDNN_I": 28, "startTime": 1538975515, "ANS_AGE": 0, "HF_Norm": 0.2703008158296086, "LFoverHF": 2.4525289623973983, "SDANN": 91, "LF": 169.53592973864318, "Error": false, "TP": 1844.78968224151, "VLF": 771.9150776815754, "SDNN": 96, "LF_Norm": 0.6629205793817602, "id": "1d1ef81b-deea-4152-a740-b4910192eb84", "HF": 69.12698375350408, "RMSSD": 11, "endTime": 1539061914}, {"BPM": 81.0, "SDNN_I": 32, "startTime": 1539061914, "ANS_AGE": 0, "HF_Norm": 0.30815553067423224, "LFoverHF": 2.0006228380653894, "SDANN": 121, "LF": 570.0333467986985, "Error": false, "TP": 2871.447759749448, "VLF": 1225.0198554360063, "SDNN": 126, "LF_Norm": 0.6165029923430286, "id": "8eb87f33-2dbf-4658-8f71-22ffc1b6f83c", "HF": 284.92794141544596, "RMSSD": 19, "endTime": 1539148313}], "mode": 2, "activity": [{"startTime": 1538975516, "id": "4e6cdd41-0bc1-490b-8799-72b5b3bffd9f", "endTime": 1539148274}]}