{"id": "f786a085-4b8b-4f48-bfa5-92d5d91c92ec", "Q_factor": [{"bad_length": 9, "bad_min": [1552829842, 1552829902, 1552829962, 1552912402, 1552912522, 1552927942, 1552928002, 1552928362, 1552982962], "good_percentage": 0.9969919786096256, "total_length": 2992}], "mode": 2, "sleep": [{"id": "1b9d0cc2-28e8-4e85-9615-408d25e50b55", "pct_deep": 17.154811715481173, "pct_rem": 23.84937238493724, "WASO": 64, "pct_light": 58.995815899581594, "SOL": 14, "AHI": 4, "sleepEndTime": 1552853721, "sleepStartTime": 1552834221, "efficiency": 75.39432176656152, "inBedTime": 316, "slp_idx": [4, 4, 4, 4, 4, 4, 4, 4, 4, 4, 4, 4, 4, 4, 1, 2, 2, 2, 2, 2, 2, 4, 4, 4, 4, 4, 4, 4, 4, 4, 4, 4, 4, 4, 4, 2, 2, 4, 4, 4, 4, 4, 4, 2, 3, 3, 2, 2, 2, 2, 2, 2, 2, 2, 2, 2, 2, 2, 2, 2, 2, 2, 2, 2, 2, 2, 2, 4, 4, 4, 4, 4, 4, 4, 4, 4, 4, 2, 2, 2, 2, 2, 2, 2, 2, 2, 2, 2, 2, 2, 2, 2, 2, 2, 2, 2, 2, 2, 2, 2, 2, 2, 4, 4, 4, 4, 4, 3, 3, 4, 4, 4, 4, 4, 4, 4, 4, 3, 4, 4, 3, 4, 4, 3, 3, 2, 2, 2, 1, 2, 2, 2, 2, 2, 2, 2, 2, 2, 2, 2, 2, 2, 2, 2, 2, 2, 2, 2, 2, 2, 2, 2, 2, 2, 2, 2, 2, 2, 2, 2, 2, 2, 2, 2, 2, 2, 2, 2, 2, 2, 2, 2, 2, 2, 2, 2, 2, 2, 3, 3, 3, 3, 3, 3, 3, 3, 3, 3, 3, 2, 2, 2, 2, 2, 2, 2, 2, 4, 4, 4, 4, 4, 4, 4, 4, 4, 4, 4, 4, 4, 4, 1, 1, 1, 1, 1, 1, 1, 1, 1, 1, 1, 1, 1, 1, 1, 1, 1, 1, 1, 1, 1, 1, 1, 1, 1, 1, 1, 1, 1, 2, 2, 2, 2, 2, 2, 2, 4, 4, 4, 2, 2, 2, 2, 2, 3, 3, 3, 3, 3, 3, 3, 3, 3, 3, 2, 2, 2, 3, 3, 3, 3, 2, 2, 1, 1, 2, 2, 2, 2, 3, 3, 3, 3, 3, 3, 3, 3, 3, 3, 3, 3, 3, 3, 3, 3, 3, 3, 3, 3, 3, 2, 2, 2, 2, 2, 1, 1, 1, 1, 1, 1, 1, 1, 3, 3, 3, 4, 4, 4, 4, 4, 4, 4, 4]}, {"id": "8737e97f-922b-4e84-9580-50e609e2c9f2", "pct_deep": 10.0, "pct_rem": 17.391304347826086, "WASO": 64, "pct_light": 72.60869565217392, "SOL": 69, "AHI": 0, "sleepEndTime": 1552940781, "sleepStartTime": 1552918521, "efficiency": 63.36088154269972, "inBedTime": 362, "slp_idx": [4, 4, 4, 4, 4, 4, 4, 4, 4, 4, 4, 4, 4, 4, 4, 4, 4, 4, 4, 4, 4, 4, 4, 4, 4, 4, 4, 4, 4, 4, 4, 4, 4, 4, 4, 4, 4, 4, 4, 4, 4, 4, 4, 4, 4, 4, 4, 4, 4, 4, 4, 4, 4, 4, 4, 4, 4, 4, 4, 4, 4, 4, 4, 4, 4, 4, 4, 4, 4, 2, 2, 2, 2, 2, 2, 2, 2, 2, 2, 3, 3, 3, 3, 3, 2, 2, 2, 2, 3, 3, 3, 3, 3, 3, 3, 3, 3, 3, 3, 3, 3, 3, 3, 3, 3, 3, 3, 3, 3, 3, 3, 3, 1, 1, 1, 3, 3, 3, 3, 4, 4, 4, 1, 1, 1, 1, 1, 1, 1, 1, 1, 1, 4, 4, 4, 4, 4, 4, 4, 4, 4, 4, 4, 4, 4, 4, 4, 4, 4, 4, 4, 4, 4, 4, 4, 4, 4, 4, 4, 4, 4, 4, 4, 4, 4, 4, 4, 4, 4, 4, 4, 4, 4, 4, 4, 4, 4, 4, 4, 2, 1, 2, 2, 2, 2, 2, 2, 2, 2, 2, 2, 2, 2, 3, 3, 2, 2, 2, 2, 2, 2, 2, 2, 2, 2, 2, 2, 2, 2, 2, 2, 2, 2, 2, 2, 2, 2, 2, 2, 2, 2, 2, 2, 2, 2, 2, 2, 2, 2, 2, 2, 2, 4, 4, 4, 4, 4, 4, 4, 4, 2, 2, 2, 2, 2, 2, 2, 2, 2, 2, 2, 2, 2, 2, 2, 4, 4, 2, 2, 2, 2, 2, 2, 2, 2, 2, 2, 2, 2, 2, 2, 2, 2, 2, 2, 2, 2, 2, 2, 2, 2, 2, 2, 1, 1, 2, 4, 4, 2, 2, 2, 2, 2, 2, 2, 2, 2, 2, 2, 2, 2, 2, 2, 2, 2, 2, 2, 2, 2, 2, 1, 1, 1, 1, 1, 2, 2, 2, 2, 2, 2, 2, 1, 2, 2, 2, 2, 2, 3, 3, 3, 3, 3, 2, 4, 4, 1, 2, 2, 2, 2, 2, 2, 2, 2, 2, 2, 2, 2, 2, 2, 2, 2, 2, 2, 2, 2, 2, 2, 2, 2, 2, 2, 4, 4, 4, 4, 4, 4, 4, 4]}], "hrv": [{"RMSSD": 26, "id": "5b8b3ad5-95be-44c9-a1d6-22f1dac1baf4", "VLF": 953.8400932145203, "BPM": 73.0, "HF": 202.43772178305707, "ANS_AGE": 0, "LFoverHF": 0.9766069876359363, "HF_Norm": 0.4499077307906881, "Error": false, "LF_Norm": 0.4393830336816137, "SDNN": 99, "SDANN": 92, "SDNN_I": 37, "LF": 197.70209365443313, "endTime": 1552889900, "TP": 1718.3181527838587, "startTime": 1552803501}, {"RMSSD": 27, "id": "46f0c0ca-2562-41c3-96bc-a3c165fd736a", "VLF": 948.2947019704098, "BPM": 73.0, "HF": 257.6790595656923, "ANS_AGE": 0, "LFoverHF": 0.6773844722483456, "HF_Norm": 0.5183744378343541, "Error": false, "LF_Norm": 0.3511387949994568, "SDNN": 104, "SDANN": 109, "SDNN_I": 36, "LF": 174.5477937733565, "endTime": 1552976299, "TP": 2031.8045738776138, "startTime": 1552889900}, {"RMSSD": 0, "id": "8b752ecd-6d15-4499-aba6-fa44895bcfeb", "VLF": 0, "BPM": 0, "HF": 0, "ANS_AGE": 0, "LFoverHF": 0, "HF_Norm": 0, "Error": true, "LF_Norm": 0, "SDNN": 0, "SDANN": 0, "SDNN_I": 0, "LF": 0, "endTime": 1553062698, "TP": 0, "startTime": 1552976299}], "af": [{"tmsTags": ["1552803543"], "avgHR": 73, "SVBeats": 218659, "avgHR_day": 76, "numPVC": 7, "brady_stat": {}, "tmsAFs": [], "totalBeats": 218659, "pauseBeats": 0, "beatsInBrady": 0, "minHRTms": 1552843618, "maxHRTms": 1552884741, "id": "2f6b05bd-4d99-4549-9df8-fe8c65f88649", "beatsInBradyTms": [], "numSVEB": 34, "numTag": 1, "VBeats": 0, "numAF": 0, "tachy_stat": {}, "avgHR_night": 64, "maxHR": 115, "minHR": 51, "pauseBeatsTms": [], "beatsInTachyTms": [], "beatsInTachy": 0}], "activity": [{"id": "17009c18-e049-4b1d-a54e-6cb2c79c6a1d", "endTime": 1552983057, "startTime": 1552803502}]}