{"Q_factor": [{"total_length": 2925, "bad_min": [1538381352, 1538402412, 1538402652, 1538402712, 1538402772, 1538433372, 1538433432, 1538435652, 1538435712, 1538466372, 1538466432, 1538466492, 1538466552, 1538518392, 1538518452, 1538518512, 1538518632, 1538518692, 1538518752, 1538519712, 1538519772, 1538519832, 1538519892, 1538519952, 1538520012, 1538520132, 1538520192, 1538520252, 1538520312, 1538520372, 1538520432, 1538520492, 1538520552, 1538520612, 1538520672, 1538520732, 1538520792, 1538520852, 1538520912, 1538526252, 1538526792, 1538527092], "bad_length": 42, "good_percentage": 0.9856410256410256}], "sleep": [{"slp_idx": [4, 4, 4, 4, 4, 4, 4, 4, 2, 2, 2, 2, 2, 2, 2, 2, 2, 3, 3, 3, 3, 2, 2, 2, 2, 2, 2, 2, 2, 2, 2, 2, 2, 2, 2, 2, 2, 2, 2, 2, 2, 2, 2, 2, 2, 2, 2, 2, 2, 2, 2, 2, 2, 2, 2, 2, 2, 2, 2, 2, 2, 2, 2, 2, 2, 2, 3, 4, 4, 4, 4, 4, 4, 4, 4, 4, 4, 4, 4, 4, 4, 4, 4, 4, 4, 4, 4, 4, 4, 4, 4, 4, 4, 4, 4, 4, 4, 4, 4, 2, 2, 2, 2, 3, 3, 3, 2, 2, 2, 3, 3, 4, 4, 3, 3, 3, 3, 3, 3, 1, 1, 4, 4, 4, 4, 1, 3, 3, 3, 3, 3, 3, 4, 4, 3, 3, 3, 3, 3, 4, 4, 3, 1, 1, 1, 4, 4, 4, 4, 1, 3, 4, 4, 4, 4, 4, 4, 4, 4, 4, 1, 1, 2, 2, 2, 2, 2, 2, 3, 3, 2, 2, 2, 4, 4, 4, 4, 4, 4, 4, 4, 4, 4, 4, 4, 4, 4, 1, 1, 1, 1, 1, 3, 4, 4, 4, 4, 4, 4, 4, 4, 4, 4, 4, 4, 4, 4, 3, 3, 3, 4, 4, 4, 4, 4, 4, 4, 4], "pct_rem": 29.411764705882355, "inBedTime": 209, "pct_deep": 11.76470588235294, "WASO": 83, "AHI": 14, "pct_light": 58.82352941176471, "efficiency": 56.666666666666664, "sleepStartTime": 1538366291, "SOL": 8, "sleepEndTime": 1538379371, "id": "dfda6739-198f-4d99-8e74-0ea072602112"}, {"slp_idx": [4, 4, 4, 4, 4, 4, 4, 4, 4, 4, 4, 4, 4, 4, 4, 4, 4, 4, 4, 4, 4, 4, 4, 4, 4, 4, 4, 4, 4, 4, 4, 1, 1, 1, 1, 1, 1, 1, 1, 1, 1, 1, 1, 1, 1, 1, 4, 4, 1, 4, 4, 4, 4, 1, 1, 1, 1, 1, 2, 2, 2, 2, 2, 2, 2, 2, 2, 2, 2, 2, 4, 4, 2, 2, 2, 2, 1, 2, 2, 2, 2, 3, 3, 3, 3, 3, 3, 3, 3, 3, 3, 3, 3, 3, 3, 3, 3, 3, 3, 3, 3, 2, 2, 2, 1, 2, 2, 2, 2, 2, 2, 2, 2, 2, 1, 1, 1, 1, 1, 1, 1, 1, 1, 1, 1, 1, 2, 2, 2, 2, 2, 2, 1, 1, 1, 1, 2, 2, 2, 2, 2, 2, 2, 1, 1, 1, 1, 1, 2, 2, 2, 2, 2, 2, 2, 2, 2, 2, 2, 2, 2, 2, 2, 2, 2, 2, 2, 2, 2, 2, 2, 2, 2, 2, 2, 2, 3, 3, 2, 2, 2, 2, 2, 2, 2, 2, 2, 2, 4, 4, 4, 2, 2, 2, 2, 3, 3, 3, 3, 3, 3, 3, 3, 3, 3, 3, 3, 2, 2, 2, 3, 3, 2, 2, 2, 2, 2, 2, 2, 2, 2, 2, 2, 2, 2, 2, 2, 2, 2, 2, 2, 2, 2, 2, 2, 2, 2, 4, 4, 3, 3, 3, 2, 1, 1, 1, 1, 2, 2, 2, 2, 2, 2, 2, 2, 2, 2, 2, 2, 2, 2, 2, 2, 2, 2, 1, 1, 1, 1, 1, 1, 1, 1, 1, 1, 2, 2, 2, 2, 4, 4, 2, 2, 2, 2, 2, 2, 2, 2, 2, 2, 2, 2, 2, 2, 2, 2, 2, 2, 2, 2, 2, 2, 2, 2, 2, 2, 2, 2, 2, 2, 2, 2, 2, 2, 2, 2, 1, 1, 1, 1, 1, 1, 3, 3, 3, 3, 3, 3, 1, 1, 2, 2, 2, 2, 2, 2, 2, 2, 2, 2, 2, 4, 4, 2, 2, 2, 2, 2, 2, 2, 2, 2, 2, 2, 2, 2, 2, 2, 2, 2, 2, 2, 2, 2, 2, 2, 2, 2, 3, 3, 3, 3, 3, 3, 2, 2, 2, 2, 2, 2, 2, 3, 3, 3, 3, 3, 3, 3, 2, 2, 2, 3, 3, 2, 2, 2, 2, 2, 2, 2, 2, 2, 2, 2, 2, 2, 2, 2, 4, 4, 4, 2, 2, 2, 2, 2, 1, 4, 4, 4, 4, 4, 4, 4, 4], "pct_rem": 16.348773841961854, "inBedTime": 417, "pct_deep": 18.256130790190735, "WASO": 20, "AHI": 15, "pct_light": 65.39509536784742, "efficiency": 87.79904306220095, "sleepStartTime": 1538403071, "SOL": 31, "sleepEndTime": 1538428631, "id": "aefd7015-e5ae-4af4-bd08-759cd55e358e"}, {"slp_idx": [4, 4, 4, 4, 4, 4, 4, 4, 4, 4, 4, 4, 4, 4, 4, 4, 4, 4, 4, 4, 4, 4, 4, 4, 4, 4, 4, 4, 4, 4, 4, 4, 4, 4, 4, 4, 4, 4, 4, 4, 4, 4, 4, 4, 4, 4, 4, 4, 4, 4, 4, 4, 4, 4, 4, 4, 4, 4, 4, 4, 4, 4, 4, 4, 4, 4, 4, 4, 4, 4, 4, 4, 4, 4, 4, 4, 4, 1, 1, 1, 1, 1, 1, 2, 4, 4, 4, 4, 4, 4, 4, 2, 2, 2, 2, 2, 1, 1, 1, 1, 1, 1, 4, 4, 4, 4, 4, 4, 4, 4, 4, 4, 4, 4, 4, 4, 3, 4, 4, 4, 4, 4, 3, 3, 3, 3, 3, 4, 4, 4, 4, 4, 4, 3, 3, 3, 3, 3, 4, 4, 4, 4, 4, 4, 4, 4, 3, 3, 4, 4, 4, 4, 4, 4, 3, 3, 3, 4, 4, 4, 4, 4, 4, 4, 4, 4, 4, 4, 4, 4, 4, 4, 4, 4, 4, 4, 4, 4, 4, 4, 4, 4, 4, 4, 4, 4, 4, 4, 4, 4, 4, 4, 4, 1, 1, 1, 1, 1, 1, 1, 1, 1, 1, 1, 1, 1, 1, 1, 1, 1, 1, 1, 1, 1, 1, 1, 1, 1, 1, 1, 1, 1, 1, 1, 1, 1, 1, 1, 1, 1, 1, 1, 1, 1, 1, 1, 1, 1, 1, 1, 1, 1, 1, 1, 1, 1, 2, 2, 2, 2, 2, 2, 2, 2, 2, 2, 2, 2, 2, 2, 2, 2, 2, 2, 2, 2, 2, 3, 3, 3, 3, 3, 3, 3, 3, 3, 3, 3, 3, 3, 3, 3, 3, 3, 3, 2, 2, 2, 2, 2, 2, 2, 2, 3, 3, 3, 3, 3, 2, 2, 2, 2, 2, 2, 2, 2, 2, 2, 2, 2, 1, 2, 2, 2, 2, 2, 2, 2, 2, 2, 2, 2, 2, 2, 2, 2, 2, 2, 2, 2, 2, 2, 2, 2, 2, 2, 1, 2, 2, 2, 2, 2, 2, 2, 2, 2, 2, 2, 2, 2, 2, 2, 2, 2, 2, 2, 2, 2, 2, 2, 2, 2, 2, 2, 2, 2, 2, 2, 2, 2, 2, 2, 2, 2, 2, 2, 2, 2, 2, 2, 2, 2, 2, 2, 2, 2, 2, 2, 2, 2, 2, 2, 2, 2, 2, 2, 2, 2, 2, 2, 2, 2, 2, 2, 2, 2, 2, 4, 4, 4, 4, 4, 2, 2, 2, 2, 2, 2, 2, 2, 2, 2, 2, 2, 2, 2, 2, 2, 2, 2, 2, 2, 2, 2, 2, 2, 2, 2, 2, 2, 2, 2, 2, 2, 2, 2, 2, 2, 2, 2, 2, 2, 2, 2, 2, 2, 2, 2, 2, 2, 2, 2, 2, 2, 2, 2, 2, 2, 2, 3, 3, 3, 3, 2, 2, 2, 2, 2, 2, 2, 2, 2, 2, 2, 2, 2, 2, 2, 2, 2, 2, 2, 2, 2, 2, 2, 2, 2, 2, 2, 2, 2, 2, 2, 2, 2, 2, 2, 2, 2, 2, 2, 2, 2, 2, 2, 2, 2, 2, 2, 2, 2, 2, 2, 2, 2, 2, 2, 2, 2, 2, 2, 2, 2, 2, 2, 2, 2, 2, 2, 2, 1, 2, 2, 2, 2, 2, 2, 2, 2, 2, 2, 2, 2, 2, 2, 2, 2, 2, 2, 2, 2, 2, 2, 2, 2, 2, 2, 2, 2, 2, 2, 2, 2, 2, 2, 2, 2, 2, 2, 2, 2, 2, 2, 2, 2, 2, 2, 2, 2, 2, 2, 2, 4, 4, 4, 4, 4, 4, 4, 4, 4], "pct_rem": 10.023310023310025, "inBedTime": 592, "pct_deep": 15.85081585081585, "WASO": 87, "AHI": 10, "pct_light": 74.12587412587412, "efficiency": 72.34401349072512, "sleepStartTime": 1538479211, "SOL": 77, "sleepEndTime": 1538515331, "id": "ff004399-f9bd-4ffd-b542-92c5e660c5ba"}], "af": [{"pauseBeatsTms": [], "tmsTags": [1538351687, 1538385205, 1538427636, 1538466328, 1538466604, 1538466616, 1538466653, 1538490188, 1538514947], "tmsAFs": [], "numSVEB": 51, "SVBeats": 216199, "avgHR_night": 65, "minHRTms": 1538507568, "maxHR": 155, "brady_stat": {}, "beatsInBrady": 0, "VBeats": 0, "tachy_stat": {"1538517979": [65, 132, 131, 130], "1538518268": [25, 133, 131, 130], "1538432739": [463, 149, 135, 130], "1538431588": [9, 132, 131, 130], "1538431728": [52, 134, 131, 130], "1538520080": [8, 134, 132, 130], "1538431987": [629, 144, 135, 130], "1538518956": [6, 133, 131, 130], "1538518620": [21, 140, 135, 131], "1538519022": [571, 155, 137, 130]}, "numPVC": 137, "id": "4d152d9b-16ec-4e70-9254-fb9d7f0152df", "numAF": 0, "beatsInTachyTms": [1538431588, 1538431728, 1538431987, 1538432739, 1538517979, 1538518268, 1538518620, 1538518956, 1538519022, 1538520080], "maxHRTms": 1538519488, "avgHR_day": 81, "numTag": 9, "beatsInTachy": 3345, "beatsInBradyTms": [], "avgHR": 74, "pauseBeats": 0, "totalBeats": 216199, "minHR": 42}], "id": "fe2693c3-b431-4ac2-a912-c936ba3604a4", "hrv": [{"BPM": 75.0, "SDNN_I": 53, "startTime": 1538351651, "ANS_AGE": 0, "HF_Norm": 0.1994237774220294, "LFoverHF": 3.856678567221028, "SDANN": 144, "LF": 768.7468368995294, "Error": false, "TP": 4727.575229114875, "VLF": 1770.8491800034483, "SDNN": 158, "LF_Norm": 0.7691134081777975, "id": "4dd526d1-d73b-4348-90c3-4ac280718e63", "HF": 199.32872898284037, "RMSSD": 24, "endTime": 1538438050}, {"BPM": 73.0, "SDNN_I": 59, "startTime": 1538438050, "ANS_AGE": 0, "HF_Norm": 0.24030098317507745, "LFoverHF": 2.9519581596271416, "SDANN": 139, "LF": 1107.0827265785058, "Error": false, "TP": 5320.579986194863, "VLF": 3163.3862512199294, "SDNN": 155, "LF_Norm": 0.7093584480500943, "id": "45bfb288-3a58-4c52-81ff-fcb7afed1828", "HF": 375.0333394692627, "RMSSD": 29, "endTime": 1538524449}, {"BPM": 0, "SDNN_I": 0, "startTime": 1538524449, "ANS_AGE": 0, "HF_Norm": 0, "LFoverHF": 0, "SDANN": 0, "LF": 0, "Error": true, "TP": 0, "VLF": 0, "SDNN": 0, "LF_Norm": 0, "id": "96b0282a-1dcf-4fac-bf27-d13a367d926e", "HF": 0, "RMSSD": 0, "endTime": 1538610848}], "mode": 2, "activity": [{"startTime": 1538351652, "id": "2370e557-4040-4924-a913-6224b145d69d", "endTime": 1538527173}]}