{"Q_factor": [{"total_length": 3083, "bad_min": [1540299456, 1540299516, 1540299576, 1540299636, 1540299696, 1540386756, 1540386816, 1540386876, 1540386936, 1540386996, 1540418376, 1540461516, 1540467156, 1540467216, 1540467276, 1540467336, 1540467396, 1540467456, 1540467516, 1540467576, 1540467636, 1540467696, 1540467756, 1540467816, 1540467876, 1540467936, 1540467996, 1540468056, 1540468116, 1540468176, 1540468236, 1540468296, 1540468356, 1540468416, 1540468476, 1540468536, 1540468596, 1540468656, 1540468716, 1540468776, 1540468836, 1540468896, 1540468956, 1540469016, 1540469076, 1540469136, 1540469196, 1540469256, 1540469316, 1540469376, 1540469436, 1540469496, 1540469556, 1540469616, 1540469676, 1540469736, 1540469796, 1540469856, 1540469916], "bad_length": 59, "good_percentage": 0.9808627959779436}], "sleep": [{"slp_idx": [4, 4, 4, 4, 4, 4, 4, 4, 4, 4, 4, 4, 4, 4, 4, 4, 4, 4, 4, 4, 4, 4, 4, 4, 4, 4, 4, 4, 4, 4, 4, 4, 4, 4, 1, 1, 1, 1, 1, 1, 1, 1, 1, 1, 1, 1, 1, 1, 1, 4, 4, 1, 1, 1, 1, 1, 1, 1, 1, 1, 1, 1, 1, 1, 1, 1, 1, 1, 2, 2, 2, 2, 3, 3, 3, 3, 3, 3, 3, 3, 3, 2, 2, 2, 2, 2, 1, 1, 1, 1, 1, 1, 1, 1, 1, 1, 1, 1, 3, 3, 3, 1, 1, 1, 1, 1, 1, 1, 1, 1, 1, 1, 1, 2, 2, 2, 2, 2, 2, 2, 1, 1, 1, 1, 1, 1, 1, 2, 2, 2, 2, 2, 2, 2, 2, 2, 1, 2, 2, 2, 2, 2, 2, 1, 1, 1, 1, 1, 1, 1, 1, 1, 2, 2, 2, 2, 2, 2, 2, 1, 1, 1, 1, 1, 3, 3, 3, 3, 2, 2, 2, 2, 2, 2, 1, 2, 2, 2, 2, 2, 2, 2, 4, 4, 2, 3, 3, 3, 3, 3, 3, 3, 3, 3, 3, 3, 3, 3, 3, 2, 2, 2, 2, 3, 3, 3, 3, 3, 2, 2, 2, 2, 2, 2, 2, 2, 2, 2, 2, 2, 2, 2, 2, 2, 2, 2, 2, 2, 2, 2, 2, 2, 2, 2, 2, 2, 2, 2, 2, 2, 2, 2, 1, 1, 1, 1, 1, 1, 1, 1, 1, 1, 1, 2, 2, 2, 2, 2, 2, 2, 2, 2, 2, 2, 2, 2, 2, 2, 2, 2, 2, 2, 2, 2, 2, 2, 2, 2, 2, 2, 2, 2, 2, 2, 2, 2, 2, 2, 2, 2, 2, 3, 3, 2, 2, 2, 2, 2, 2, 2, 2, 2, 2, 2, 2, 2, 2, 2, 2, 2, 2, 2, 2, 2, 2, 2, 2, 2, 2, 2, 2, 2, 2, 2, 2, 2, 2, 2, 2, 2, 2, 2, 2, 2, 2, 2, 2, 2, 2, 2, 2, 2, 2, 2, 2, 2, 2, 2, 2, 2, 2, 2, 2, 2, 2, 2, 2, 2, 2, 1, 2, 2, 2, 2, 2, 2, 2, 2, 3, 3, 3, 2, 2, 2, 2, 2, 2, 2, 2, 2, 2, 2, 2, 2, 2, 2, 2, 2, 2, 2, 2, 2, 3, 3, 3, 3, 3, 3, 3, 3, 2, 2, 1, 1, 2, 2, 2, 2, 2, 2, 2, 3, 3, 3, 3, 2, 2, 2, 2, 2, 2, 2, 2, 2, 2, 2, 2, 2, 2, 2, 2, 2, 2, 2, 2, 2, 2, 2, 2, 2, 2, 2, 2, 2, 2, 2, 2, 2, 2, 2, 2, 2, 2, 2, 2, 2, 2, 2, 2, 2, 2, 2, 2, 2, 2, 2, 2, 2, 2, 2, 4, 4, 4, 4, 4, 4, 4, 4, 4, 4, 4, 4, 4], "pct_rem": 12.037037037037036, "inBedTime": 469, "pct_deep": 21.52777777777778, "WASO": 4, "AHI": 22, "pct_light": 66.43518518518519, "efficiency": 91.91489361702128, "sleepStartTime": 1540304315, "SOL": 34, "sleepEndTime": 1540333355, "id": "963acf04-27c7-411d-ac1c-a0d2d0fab2f6"}, {"slp_idx": [4, 4, 4, 4, 4, 4, 4, 4, 4, 4, 4, 4, 4, 4, 4, 4, 4, 4, 4, 4, 4, 4, 4, 4, 4, 4, 4, 4, 4, 4, 4, 4, 4, 4, 4, 4, 4, 4, 4, 4, 4, 4, 4, 1, 1, 1, 1, 1, 1, 4, 4, 1, 1, 1, 1, 1, 1, 1, 1, 1, 1, 1, 1, 1, 1, 1, 1, 1, 1, 1, 1, 1, 1, 1, 1, 1, 1, 1, 1, 1, 1, 1, 1, 2, 2, 2, 2, 2, 2, 2, 2, 2, 3, 3, 2, 1, 2, 2, 2, 2, 2, 3, 3, 3, 3, 3, 3, 2, 2, 2, 2, 2, 2, 2, 2, 2, 2, 1, 1, 1, 1, 1, 1, 2, 2, 2, 2, 2, 2, 2, 2, 2, 2, 2, 2, 2, 2, 1, 1, 1, 1, 1, 1, 1, 1, 1, 1, 1, 1, 1, 2, 2, 2, 2, 2, 2, 1, 2, 2, 2, 2, 2, 2, 2, 2, 2, 2, 2, 2, 2, 2, 2, 2, 2, 2, 2, 2, 2, 2, 2, 2, 2, 2, 2, 2, 2, 3, 3, 3, 3, 3, 3, 3, 3, 3, 3, 3, 3, 2, 2, 2, 2, 2, 2, 2, 2, 2, 2, 3, 3, 3, 3, 3, 2, 2, 2, 2, 2, 2, 2, 2, 2, 2, 2, 2, 2, 2, 2, 2, 2, 2, 2, 2, 2, 2, 2, 2, 2, 2, 2, 2, 2, 2, 2, 2, 2, 1, 1, 2, 2, 2, 2, 2, 2, 2, 2, 2, 2, 2, 2, 2, 2, 2, 2, 2, 2, 2, 2, 2, 2, 2, 2, 2, 2, 2, 2, 2, 2, 2, 2, 1, 2, 2, 2, 2, 2, 2, 2, 2, 2, 2, 3, 3, 3, 3, 3, 3, 3, 3, 3, 3, 2, 2, 2, 2, 2, 2, 2, 2, 2, 3, 3, 3, 3, 3, 3, 3, 3, 3, 3, 3, 1, 1, 1, 2, 2, 2, 2, 2, 2, 2, 2, 2, 2, 2, 2, 2, 2, 2, 2, 2, 1, 1, 1, 1, 1, 2, 2, 2, 2, 2, 2, 2, 2, 2, 2, 2, 2, 2, 2, 2, 2, 2, 2, 2, 2, 2, 2, 2, 2, 2, 2, 2, 2, 2, 2, 2, 2, 2, 2, 2, 2, 2, 2, 2, 2, 2, 2, 2, 2, 2, 3, 3, 3, 3, 2, 2, 2, 2, 2, 2, 1, 4, 4, 4, 2, 2, 2, 2, 2, 2, 2, 2, 2, 2, 2, 2, 2, 2, 2, 2, 2, 2, 2, 2, 2, 3, 3, 2, 2, 2, 2, 3, 3, 4, 4, 2, 2, 2, 2, 2, 2, 2, 2, 2, 2, 2, 2, 2, 2, 2, 2, 2, 2, 2, 2, 2, 2, 3, 3, 4, 4, 4, 4, 4, 4, 4, 4, 4, 4, 4, 4], "pct_rem": 13.658536585365855, "inBedTime": 459, "pct_deep": 17.317073170731707, "WASO": 7, "AHI": 20, "pct_light": 69.02439024390243, "efficiency": 89.13043478260869, "sleepStartTime": 1540390715, "SOL": 43, "sleepEndTime": 1540419095, "id": "2206750e-4edc-4238-90fd-88f86050bae8"}], "af": [{"pauseBeatsTms": [], "tmsTags": [1540285079, 1540285202, 1540285250, 1540299391, 1540339632, 1540387222, 1540391272, 1540391906, 1540421659, 1540464408, 1540464424, 1540467223], "tmsAFs": [], "numSVEB": 64, "SVBeats": 264755, "avgHR_night": 72, "minHRTms": 1540324260, "maxHR": 147, "brady_stat": {}, "beatsInBrady": 0, "VBeats": 0, "tachy_stat": {"1540340143": [366, 147, 137, 130], "1540342328": [65, 140, 136, 130], "1540443334": [4, 131, 131, 130], "1540428305": [242, 138, 133, 130], "1540425980": [51, 132, 131, 130], "1540428666": [47, 138, 134, 130], "1540426559": [26, 142, 137, 130], "1540427789": [141, 140, 134, 130], "1540428202": [25, 135, 132, 130], "1540427542": [120, 147, 138, 130], "1540428053": [20, 133, 132, 130], "1540463887": [52, 142, 135, 130], "1540292808": [26, 135, 132, 130], "1540464700": [3, 131, 131, 130], "1540426930": [28, 137, 132, 130], "1540342474": [222, 145, 136, 130], "1540443171": [8, 132, 131, 130], "1540425671": [98, 138, 133, 130], "1540340582": [77, 134, 131, 130], "1540428860": [7, 137, 135, 130]}, "numPVC": 38, "id": "415bd2af-e242-433b-8c8e-8af174b12029", "numAF": 0, "beatsInTachyTms": [1540292808, 1540340143, 1540340582, 1540342328, 1540342474, 1540425671, 1540425980, 1540426559, 1540426930, 1540427542, 1540427789, 1540428053, 1540428202, 1540428305, 1540428666, 1540428860, 1540443171, 1540443334, 1540463887, 1540464700], "maxHRTms": 1540340347, "avgHR_day": 94, "numTag": 12, "beatsInTachy": 2292, "beatsInBradyTms": [], "avgHR": 87, "pauseBeats": 0, "totalBeats": 264755, "minHR": 51}], "id": "1c11429c-91fd-47d2-ac8d-fcb8300f70c0", "hrv": [{"BPM": 86.0, "SDNN_I": 50, "startTime": 1540284995, "ANS_AGE": 0, "HF_Norm": 0.2088878964264752, "LFoverHF": 3.6288543467061687, "SDANN": 110, "LF": 684.413564869834, "Error": false, "TP": 4037.77103156958, "VLF": 1651.3122745524643, "SDNN": 118, "LF_Norm": 0.7580237509215225, "id": "7a28cb93-9cfd-4f91-95e6-4ce1beaa9d2d", "HF": 188.6032062684084, "RMSSD": 22, "endTime": 1540371394}, {"BPM": 87.0, "SDNN_I": 51, "startTime": 1540371394, "ANS_AGE": 0, "HF_Norm": 0.18018605612682692, "LFoverHF": 4.397647563952165, "SDANN": 106, "LF": 822.0487210866576, "Error": false, "TP": 3566.097495782359, "VLF": 2148.3190934206746, "SDNN": 117, "LF_Norm": 0.7923947707842884, "id": "4ad34f7b-e940-48c5-805a-d857c9bda4a6", "HF": 186.92919546919822, "RMSSD": 23, "endTime": 1540457793}, {"BPM": 0, "SDNN_I": 0, "startTime": 1540457793, "ANS_AGE": 0, "HF_Norm": 0, "LFoverHF": 0, "SDANN": 0, "LF": 0, "Error": true, "TP": 0, "VLF": 0, "SDNN": 0, "LF_Norm": 0, "id": "f3a77680-c00a-4716-a931-fe4bdd1b4359", "HF": 0, "RMSSD": 0, "endTime": 1540544192}], "mode": 2, "activity": [{"startTime": 1540284996, "id": "ad802011-228c-4918-8de3-f7c1c2d9ce05", "endTime": 1540470037}]}