{"hrv": [{"SDNN": 76, "SDNN_I": 26, "ANS_AGE": 0, "endTime": 1552135474, "LF_Norm": 0.6774768636450683, "LF": 148.94066920275768, "LFoverHF": 2.4060011337981186, "VLF": 1062.412821775892, "BPM": 78.0, "HF": 61.903823365053704, "SDANN": 83, "TP": 1785.8990606224831, "id": "30d43466-6524-41ce-94bd-1babc740d512", "Error": false, "startTime": 1552049075, "HF_Norm": 0.28157794862532, "RMSSD": 11}, {"SDNN": 64, "SDNN_I": 23, "ANS_AGE": 0, "endTime": 1552221873, "LF_Norm": 0.7196191620617423, "LF": 155.90338442223523, "LFoverHF": 3.1451873673897253, "VLF": 585.4646577983781, "BPM": 84.0, "HF": 49.568870216982845, "SDANN": 73, "TP": 1057.9483419673952, "id": "ff8c0630-e883-43ed-9784-16181930e35e", "Error": false, "startTime": 1552135474, "HF_Norm": 0.22880009296837958, "RMSSD": 10}, {"SDNN": 0, "SDNN_I": 0, "ANS_AGE": 0, "endTime": 1552308272, "LF_Norm": 0, "LF": 0, "LFoverHF": 0, "VLF": 0, "BPM": 0, "HF": 0, "SDANN": 0, "TP": 0, "id": "880a5c2d-7a6f-4c74-b3b2-01b216e39e38", "Error": true, "startTime": 1552221873, "HF_Norm": 0, "RMSSD": 0}], "af": [{"tmsAFs": [], "maxHR": 113, "beatsInTachy": 0, "maxHRTms": 1552181279, "pauseBeats": 0, "brady_stat": {}, "SVBeats": 233972, "numTag": 2, "beatsInBrady": 0, "tachy_stat": {}, "numAF": 0, "numSVEB": 27, "id": "c27afc84-e9ca-44c7-9177-4d86d70e1295", "VBeats": 0, "minHRTms": 1552101584, "pauseBeatsTms": [], "avgHR_night": 77, "totalBeats": 233972, "numPVC": 15, "tmsTags": ["1552049135", "1552059378"], "beatsInBradyTms": [], "minHR": 64, "beatsInTachyTms": [], "avgHR_day": 84, "avgHR": 81}], "Q_factor": [{"good_percentage": 0.9937845303867403, "bad_min": [1552051116, 1552057416, 1552057476, 1552057536, 1552057596, 1552057656, 1552057716, 1552059576, 1552087836, 1552089396, 1552147836, 1552171956, 1552172016, 1552172196, 1552172256, 1552172316, 1552219236, 1552222776], "total_length": 2896, "bad_length": 18}], "activity": [{"endTime": 1552222887, "id": "b4cfd0c7-60fd-4691-9d00-e10c44392710", "startTime": 1552049076}], "id": "f8d7319a-c17a-4611-ae62-afff4d469413", "sleep": [{"SOL": 23, "inBedTime": 469, "WASO": 40, "AHI": 1, "efficiency": 86.59574468085106, "pct_light": 74.44717444717445, "pct_rem": 14.004914004914005, "slp_idx": [4, 4, 4, 4, 4, 4, 4, 4, 4, 4, 4, 4, 4, 4, 4, 4, 4, 4, 4, 4, 4, 4, 4, 1, 2, 2, 2, 2, 2, 2, 2, 2, 2, 2, 2, 2, 2, 2, 2, 2, 2, 2, 2, 2, 2, 2, 2, 2, 2, 2, 2, 2, 2, 2, 2, 4, 4, 2, 2, 2, 2, 2, 2, 2, 2, 2, 2, 2, 2, 2, 2, 2, 2, 2, 2, 2, 2, 2, 2, 2, 3, 3, 2, 2, 2, 2, 2, 2, 2, 2, 2, 4, 4, 3, 3, 2, 2, 2, 2, 2, 2, 2, 2, 2, 2, 2, 2, 2, 4, 4, 4, 4, 4, 4, 4, 4, 2, 2, 2, 1, 2, 2, 2, 2, 2, 2, 2, 2, 1, 2, 2, 2, 2, 2, 2, 2, 2, 2, 2, 2, 2, 2, 2, 4, 2, 2, 2, 2, 2, 2, 2, 2, 2, 2, 2, 2, 2, 2, 2, 2, 2, 2, 2, 2, 2, 4, 4, 2, 1, 2, 2, 2, 2, 2, 2, 2, 2, 1, 1, 1, 1, 2, 4, 4, 2, 2, 2, 2, 2, 2, 2, 2, 2, 2, 2, 2, 2, 2, 2, 2, 2, 2, 2, 2, 2, 2, 2, 2, 2, 2, 2, 2, 2, 2, 2, 2, 2, 2, 1, 1, 4, 2, 2, 2, 2, 2, 2, 2, 1, 1, 1, 1, 1, 1, 1, 1, 1, 1, 1, 1, 1, 2, 2, 2, 2, 2, 2, 2, 2, 3, 3, 3, 3, 3, 3, 3, 3, 2, 2, 1, 2, 2, 2, 2, 2, 2, 2, 2, 2, 2, 2, 2, 2, 2, 2, 2, 2, 2, 2, 2, 2, 2, 4, 4, 4, 1, 2, 2, 2, 2, 2, 4, 4, 4, 2, 2, 2, 2, 2, 2, 2, 2, 1, 1, 1, 1, 1, 1, 1, 1, 1, 1, 1, 4, 4, 4, 1, 1, 1, 1, 1, 1, 1, 1, 1, 1, 1, 3, 4, 4, 4, 4, 4, 3, 4, 4, 3, 3, 3, 3, 3, 3, 3, 3, 3, 3, 3, 3, 3, 3, 3, 3, 3, 3, 3, 3, 3, 3, 3, 3, 3, 3, 2, 2, 2, 2, 2, 2, 2, 3, 3, 3, 3, 3, 3, 3, 3, 3, 3, 3, 3, 2, 2, 2, 2, 2, 2, 2, 3, 3, 3, 2, 4, 4, 2, 2, 2, 2, 2, 2, 2, 2, 3, 4, 3, 2, 2, 2, 2, 2, 2, 2, 2, 2, 2, 2, 2, 2, 2, 2, 2, 2, 2, 2, 2, 2, 2, 4, 4, 4, 2, 2, 2, 2, 2, 2, 2, 2, 2, 2, 2, 2, 2, 2, 2, 2, 2, 2, 2, 2, 2, 2, 2, 2, 2, 2, 2, 2, 2, 2, 2, 2, 2, 2, 2, 2, 2, 2, 2, 2, 4, 4, 4, 4, 4, 4, 4, 4, 4, 4], "sleepEndTime": 1552088375, "id": "0aa6c41f-050e-4c52-895b-7467a56fd01b", "sleepStartTime": 1552059515, "pct_deep": 11.547911547911548}, {"SOL": 7, "inBedTime": 335, "WASO": 93, "AHI": 0, "efficiency": 70.23809523809523, "pct_light": 78.38983050847457, "pct_rem": 19.491525423728813, "slp_idx": [4, 4, 4, 4, 4, 4, 4, 2, 2, 2, 2, 2, 2, 2, 2, 2, 2, 2, 2, 2, 2, 3, 3, 2, 2, 1, 4, 4, 4, 4, 4, 4, 4, 4, 4, 4, 2, 2, 4, 4, 4, 4, 4, 4, 4, 4, 4, 4, 4, 4, 4, 4, 4, 4, 4, 4, 4, 4, 4, 4, 4, 2, 2, 2, 2, 2, 2, 2, 2, 2, 2, 3, 3, 3, 3, 3, 3, 2, 1, 2, 2, 2, 2, 2, 2, 2, 2, 2, 2, 2, 2, 2, 2, 2, 2, 2, 2, 2, 2, 2, 2, 2, 2, 2, 2, 2, 2, 2, 2, 2, 2, 2, 2, 2, 2, 2, 2, 2, 2, 2, 2, 2, 2, 2, 2, 2, 2, 2, 2, 2, 2, 2, 2, 2, 2, 2, 2, 2, 2, 2, 2, 2, 2, 2, 2, 2, 2, 2, 2, 1, 2, 2, 2, 2, 2, 2, 2, 2, 2, 2, 2, 2, 2, 2, 2, 2, 2, 2, 2, 2, 2, 2, 2, 2, 2, 2, 4, 4, 4, 4, 4, 4, 4, 4, 4, 4, 4, 4, 4, 4, 4, 4, 4, 4, 4, 4, 4, 4, 2, 2, 2, 2, 2, 2, 2, 2, 2, 2, 2, 2, 2, 2, 2, 2, 2, 2, 2, 4, 4, 2, 4, 4, 4, 4, 4, 4, 4, 4, 4, 4, 4, 4, 4, 4, 4, 4, 4, 4, 4, 4, 4, 4, 4, 4, 4, 4, 4, 3, 3, 3, 3, 3, 2, 1, 2, 2, 3, 3, 3, 3, 3, 3, 3, 3, 3, 3, 3, 3, 3, 3, 3, 3, 3, 3, 2, 2, 2, 2, 3, 3, 3, 3, 3, 3, 3, 3, 2, 1, 2, 2, 2, 2, 2, 4, 4, 4, 4, 4, 2, 2, 4, 4, 3, 3, 3, 3, 3, 2, 2, 2, 2, 2, 2, 2, 2, 4, 4, 2, 2, 2, 2, 2, 3, 3, 2, 2, 2, 2, 2, 2, 2, 2, 2, 2, 2, 2, 4, 4, 4, 4, 4, 4, 4, 4], "sleepEndTime": 1552130795, "id": "ebb19bd9-6c41-494b-b50b-6ad4fdb133a4", "sleepStartTime": 1552110155, "pct_deep": 2.11864406779661}, {"SOL": 47, "inBedTime": 378, "WASO": 24, "AHI": 0, "efficiency": 81.26649076517151, "pct_light": 78.8961038961039, "pct_rem": 7.792207792207792, "slp_idx": [4, 4, 4, 4, 4, 4, 4, 4, 4, 4, 4, 4, 4, 4, 4, 4, 4, 4, 4, 4, 4, 4, 4, 4, 4, 4, 4, 4, 4, 4, 4, 4, 4, 4, 4, 4, 4, 4, 4, 4, 4, 4, 4, 4, 4, 4, 4, 2, 1, 1, 1, 1, 1, 1, 1, 1, 1, 1, 1, 1, 1, 2, 2, 2, 2, 2, 2, 2, 2, 2, 2, 2, 2, 2, 2, 2, 2, 2, 2, 2, 1, 1, 1, 4, 4, 4, 4, 4, 4, 4, 4, 4, 4, 1, 1, 1, 1, 1, 2, 2, 2, 2, 2, 2, 2, 2, 2, 2, 1, 1, 1, 2, 2, 2, 2, 2, 2, 2, 2, 2, 2, 2, 2, 2, 2, 2, 2, 2, 2, 2, 2, 3, 3, 3, 3, 3, 2, 2, 2, 2, 2, 2, 2, 2, 2, 2, 2, 2, 2, 2, 2, 2, 2, 2, 2, 2, 2, 2, 2, 2, 2, 2, 2, 2, 2, 3, 3, 2, 2, 2, 2, 2, 2, 2, 2, 2, 2, 2, 2, 2, 2, 4, 4, 2, 2, 2, 2, 2, 4, 4, 4, 4, 2, 2, 2, 2, 1, 2, 2, 2, 2, 2, 2, 2, 2, 2, 4, 4, 2, 2, 2, 2, 2, 2, 2, 2, 2, 2, 2, 2, 2, 2, 2, 2, 2, 2, 2, 2, 2, 2, 2, 2, 2, 2, 2, 2, 2, 2, 2, 2, 2, 2, 2, 2, 3, 3, 3, 3, 3, 3, 3, 3, 3, 2, 2, 2, 2, 2, 2, 2, 2, 2, 2, 2, 2, 2, 2, 2, 2, 2, 2, 2, 2, 2, 2, 2, 2, 2, 2, 2, 2, 2, 2, 2, 2, 2, 2, 2, 2, 2, 2, 2, 1, 1, 1, 1, 1, 1, 1, 1, 1, 1, 1, 2, 2, 4, 4, 4, 4, 2, 2, 2, 2, 2, 2, 3, 3, 1, 1, 1, 1, 3, 3, 3, 3, 2, 2, 2, 4, 4, 2, 2, 2, 2, 2, 2, 2, 2, 2, 2, 2, 2, 2, 2, 2, 2, 2, 2, 2, 2, 2, 2, 2, 2, 2, 2, 1, 2, 2, 2, 2, 2, 2, 2, 2, 2, 2, 2, 3, 3, 2, 2, 2, 2, 2, 2, 2, 2, 2, 4, 4, 4, 4, 4, 4, 4, 4, 4], "sleepEndTime": 1552171175, "id": "eae0eb64-d131-4ccb-9efd-49bcc88772a5", "sleepStartTime": 1552147835, "pct_deep": 13.311688311688311}, {"SOL": 67, "inBedTime": 222, "WASO": 5, "AHI": 0, "efficiency": 67.71300448430493, "pct_light": 76.15894039735099, "pct_rem": 13.90728476821192, "slp_idx": [4, 4, 4, 4, 4, 4, 4, 4, 4, 4, 4, 4, 4, 4, 4, 4, 4, 4, 4, 4, 4, 4, 4, 4, 4, 4, 4, 4, 4, 4, 4, 4, 4, 4, 4, 4, 4, 4, 4, 4, 4, 4, 4, 4, 4, 4, 4, 4, 4, 4, 4, 4, 4, 4, 4, 4, 4, 4, 4, 4, 4, 4, 4, 4, 4, 4, 4, 2, 2, 2, 2, 2, 2, 1, 1, 1, 1, 2, 2, 2, 2, 2, 2, 2, 2, 2, 2, 2, 2, 2, 2, 2, 2, 2, 2, 2, 2, 2, 2, 2, 2, 2, 2, 2, 2, 2, 2, 2, 2, 2, 1, 1, 2, 3, 4, 4, 4, 4, 4, 3, 3, 2, 2, 2, 2, 2, 3, 3, 2, 2, 2, 1, 1, 1, 1, 1, 2, 2, 2, 2, 2, 2, 3, 3, 2, 2, 2, 2, 2, 2, 3, 3, 2, 2, 2, 2, 2, 2, 2, 2, 2, 1, 2, 2, 2, 2, 2, 2, 2, 3, 3, 3, 3, 2, 2, 2, 2, 2, 2, 2, 2, 2, 2, 2, 2, 2, 2, 1, 1, 1, 2, 3, 3, 3, 3, 3, 3, 3, 3, 2, 2, 2, 2, 2, 2, 2, 2, 2, 2, 2, 2, 2, 2, 2, 2, 2, 2, 2, 2, 2, 2, 2, 2, 4, 4, 4, 4, 4, 4, 4, 4], "sleepEndTime": 1552205915, "id": "5a5f1693-9fcf-4f9f-a23f-dbaa41c6735b", "sleepStartTime": 1552192055, "pct_deep": 9.933774834437086}], "mode": 2}