{"Q_factor": [{"total_length": 2898, "bad_min": [1540305640, 1540305760, 1540305880, 1540315540, 1540337620, 1540337680, 1540337920, 1540338100, 1540340920, 1540349020, 1540383220, 1540384060, 1540384600, 1540384660, 1540386460, 1540388200, 1540388260, 1540388560, 1540391620, 1540391680, 1540393300, 1540394020, 1540395040, 1540395100, 1540396120], "bad_length": 25, "good_percentage": 0.9913733609385783}], "sleep": [{"slp_idx": [4, 4, 4, 4, 4, 4, 4, 4, 4, 4, 4, 4, 4, 4, 4, 4, 4, 4, 2, 2, 2, 2, 2, 2, 2, 2, 2, 2, 2, 2, 2, 2, 2, 2, 2, 2, 2, 2, 2, 2, 2, 2, 2, 2, 2, 3, 3, 3, 2, 2, 2, 2, 2, 2, 2, 2, 2, 2, 2, 2, 2, 2, 2, 2, 2, 2, 2, 2, 2, 2, 2, 2, 2, 2, 2, 2, 2, 2, 2, 2, 2, 4, 4, 4, 4, 4, 4, 4, 4, 1, 3, 3, 3, 3, 3, 3, 3, 3, 3, 3, 3, 2, 2, 2, 2, 2, 2, 2, 2, 2, 2, 1, 1, 1, 1, 1, 1, 1, 1, 2, 2, 2, 2, 2, 2, 2, 2, 2, 2, 2, 2, 2, 2, 2, 2, 2, 2, 1, 1, 1, 1, 1, 1, 1, 2, 2, 2, 2, 2, 2, 2, 2, 2, 1, 1, 1, 1, 2, 2, 2, 2, 2, 2, 2, 2, 2, 2, 2, 2, 2, 2, 2, 2, 2, 2, 2, 1, 1, 1, 1, 1, 1, 1, 1, 2, 2, 2, 2, 3, 3, 3, 2, 2, 2, 2, 2, 1, 1, 1, 1, 4, 4, 4, 4, 4, 1, 1, 1, 1, 1, 1, 2, 2, 3, 3, 3, 2, 2, 2, 2, 2, 2, 2, 2, 1, 1, 1, 1, 2, 2, 2, 2, 2, 2, 2, 2, 2, 2, 1, 1, 1, 1, 1, 1, 1, 1, 1, 1, 1, 1, 1, 1, 1, 4, 4, 3, 4, 4, 4, 4, 3, 4, 4, 4, 3, 4, 4, 3, 3, 3, 3, 4, 4, 2, 2, 2, 2, 2, 2, 2, 2, 2, 2, 2, 2, 2, 2, 2, 2, 2, 3, 3, 3, 3, 3, 3, 3, 2, 2, 2, 2, 2, 2, 2, 2, 2, 2, 2, 2, 2, 2, 2, 2, 2, 2, 2, 2, 2, 2, 2, 2, 2, 2, 2, 2, 2, 1, 1, 2, 3, 3, 3, 3, 2, 2, 2, 3, 3, 3, 3, 2, 2, 2, 3, 4, 4, 4, 4, 4, 4, 4], "pct_rem": 14.333333333333334, "inBedTime": 343, "pct_deep": 19.666666666666664, "WASO": 26, "AHI": 5, "pct_light": 66.0, "efficiency": 87.20930232558139, "sleepStartTime": 1540315719, "SOL": 18, "sleepEndTime": 1540336839, "id": "4253654b-7f90-4500-a373-94b3ab77a79b"}, {"slp_idx": [4, 4, 4, 4, 4, 4, 4, 4, 4, 4, 4, 4, 4, 4, 4, 1, 2, 2, 2, 2, 2, 2, 2, 2, 2, 2, 2, 2, 2, 2, 2, 1, 1, 1, 1, 1, 1, 1, 2, 2, 3, 3, 3, 3, 2, 2, 2, 2, 2, 1, 1, 1, 2, 2, 2, 2, 2, 2, 2, 2, 2, 1, 1, 1, 1, 2, 2, 2, 2, 2, 2, 2, 2, 2, 2, 1, 2, 2, 2, 2, 2, 2, 2, 2, 2, 2, 2, 4, 4, 4, 2, 4, 4, 4, 4, 4, 4, 2, 2, 4, 4, 2, 2, 4, 4, 2, 2, 2, 2, 2, 2, 2, 2, 2, 2, 2, 2, 2, 2, 2, 2, 2, 2, 1, 1, 1, 1, 1, 1, 1, 1, 1, 1, 1, 1, 2, 2, 2, 2, 2, 2, 2, 2, 3, 3, 3, 3, 2, 2, 2, 2, 2, 2, 1, 1, 1, 1, 1, 1, 1, 2, 2, 2, 3, 3, 2, 2, 2, 2, 2, 2, 2, 2, 2, 2, 2, 2, 1, 2, 2, 2, 2, 2, 2, 2, 2, 2, 3, 3, 2, 2, 2, 2, 2, 2, 2, 2, 2, 2, 2, 2, 2, 2, 2, 3, 3, 3, 3, 2, 2, 2, 2, 2, 2, 2, 2, 1, 2, 2, 2, 2, 2, 2, 2, 2, 2, 2, 2, 2, 2, 2, 2, 2, 2, 2, 2, 2, 2, 2, 2, 2, 2, 3, 3, 3, 2, 2, 2, 2, 2, 2, 2, 2, 2, 2, 2, 2, 2, 2, 2, 2, 2, 2, 2, 2, 2, 2, 2, 2, 2, 2, 2, 2, 2, 2, 2, 2, 2, 2, 2, 2, 2, 2, 2, 2, 2, 2, 2, 2, 2, 2, 2, 2, 2, 2, 2, 2, 2, 2, 2, 2, 2, 2, 2, 2, 2, 2, 2, 2, 2, 2, 2, 2, 2, 2, 2, 2, 2, 2, 2, 2, 3, 4, 4, 4, 4, 4, 4, 4, 4, 4, 4, 4, 4, 4, 4, 4, 4, 4, 4, 2, 4, 4, 4, 4, 4, 4, 4, 4, 2, 2, 2, 2, 2, 2, 2, 2, 2, 2, 2, 2, 2, 2, 2, 2, 2, 2, 2, 2, 2, 2, 2, 2, 2, 2, 2, 2, 2, 2, 2, 2, 2, 2, 2, 2, 2, 2, 2, 2, 2, 2, 2, 2, 2, 2, 2, 2, 2, 2, 2, 2, 2, 2, 4, 4, 4, 4, 4, 4, 4], "pct_rem": 5.730659025787966, "inBedTime": 402, "pct_deep": 10.601719197707736, "WASO": 39, "AHI": 7, "pct_light": 83.66762177650429, "efficiency": 86.60049627791562, "sleepStartTime": 1540403079, "SOL": 15, "sleepEndTime": 1540427739, "id": "8e9fe9f9-4196-47b8-a1f0-5abfdce0fea8"}], "af": [{"pauseBeatsTms": [], "tmsTags": [1540275374, 1540278669, 1540278696, 1540278936, 1540282013, 1540283019, 1540302514, 1540306117, 1540314525, 1540336383, 1540365969, 1540388169, 1540403107, 1540422798, 1540434269], "tmsAFs": [], "numSVEB": 88, "SVBeats": 230839, "avgHR_night": 69, "minHRTms": 1540420591, "maxHR": 120, "brady_stat": {}, "beatsInBrady": 0, "VBeats": 0, "tachy_stat": {}, "numPVC": 504, "id": "0ab3586d-7fbe-4963-9b91-211e53443f26", "numAF": 0, "beatsInTachyTms": [], "maxHRTms": 1540430316, "avgHR_day": 83, "numTag": 15, "beatsInTachy": 4, "beatsInBradyTms": [], "avgHR": 79, "pauseBeats": 0, "totalBeats": 230839, "minHR": 50}], "id": "40a6d168-2c37-43d8-9f5b-09ab1ead4396", "hrv": [{"BPM": 80.0, "SDNN_I": 42, "startTime": 1540275339, "ANS_AGE": 0, "HF_Norm": 0.30899241126710547, "LFoverHF": 1.9926638605370925, "SDANN": 98, "LF": 636.045312854723, "Error": false, "TP": 4318.572197962855, "VLF": 1463.4463503853453, "SDNN": 106, "LF_Norm": 0.6157180111121755, "id": "c3293e24-9bd7-4d21-968b-f54e7dcf7228", "HF": 319.1934803711884, "RMSSD": 25, "endTime": 1540361738}, {"BPM": 79.0, "SDNN_I": 44, "startTime": 1540361738, "ANS_AGE": 0, "HF_Norm": 0.4210236237037762, "LFoverHF": 1.226185881762403, "SDANN": 81, "LF": 593.93461399937, "Error": false, "TP": 2983.1450849940647, "VLF": 1369.3345474380087, "SDNN": 92, "LF_Norm": 0.516253223274017, "id": "99dfd0ce-44f6-4575-b709-941624bd987a", "HF": 484.3756748737841, "RMSSD": 28, "endTime": 1540448137}, {"BPM": 0, "SDNN_I": 0, "startTime": 1540448137, "ANS_AGE": 0, "HF_Norm": 0, "LFoverHF": 0, "SDANN": 0, "LF": 0, "Error": true, "TP": 0, "VLF": 0, "SDNN": 0, "LF_Norm": 0, "id": "75cec48a-86a0-406a-8eaf-e88b9d44e79c", "HF": 0, "RMSSD": 0, "endTime": 1540534536}], "mode": 2, "activity": [{"startTime": 1540275340, "id": "ceeb6cf8-a822-4c55-9f39-e205928ce5d3", "endTime": 1540449284}]}