{"hrv": [{"BPM": 74.0, "VLF": 1541.6011578995578, "LF_Norm": 0.683195584464295, "SDNN": 96, "RMSSD": 19, "SDANN": 81, "HF": 190.0989305545176, "TP": 5685.093161742051, "Error": false, "endTime": 1551839055, "SDNN_I": 46, "startTime": 1551752656, "LFoverHF": 2.337616424527228, "HF_Norm": 0.29226162910900494, "ANS_AGE": 0, "LF": 444.3783823493013, "id": "85433c11-bd0d-459b-80b6-3f27ae2adce6"}, {"BPM": 84.0, "VLF": 671.3840951670614, "LF_Norm": 0.5982685680264802, "SDNN": 80, "RMSSD": 11, "SDANN": 96, "HF": 65.5882881057783, "TP": 2213.6507496404365, "Error": false, "endTime": 1551925454, "SDNN_I": 28, "startTime": 1551839055, "LFoverHF": 1.6559898307336842, "HF_Norm": 0.36127550841385186, "ANS_AGE": 0, "LF": 108.61353811839993, "id": "50b1de98-ca09-4e8f-b08c-51141bc1db00"}, {"BPM": 0, "VLF": 0, "LF_Norm": 0, "SDNN": 0, "RMSSD": 0, "SDANN": 0, "HF": 0, "TP": 0, "Error": true, "endTime": 1552011853, "SDNN_I": 0, "startTime": 1551925454, "LFoverHF": 0, "HF_Norm": 0, "ANS_AGE": 0, "LF": 0, "id": "da8826c3-7414-4ed6-a764-a605ebb1e120"}], "activity": [{"endTime": 1551928294, "startTime": 1551752657, "id": "fb178882-ea42-4d04-bb3d-b3444cbee73f"}], "af": [{"brady_stat": {}, "minHRTms": 1551812125, "numTag": 8, "maxHR": 115, "pauseBeatsTms": [], "numPVC": 336, "beatsInTachy": 0, "numSVEB": 56, "avgHR": 78, "pauseBeats": 0, "totalBeats": 230141, "numAF": 0, "beatsInBradyTms": [], "VBeats": 0, "minHR": 45, "tachy_stat": {}, "SVBeats": 230141, "avgHR_night": 75, "beatsInBrady": 0, "tmsTags": ["1551752797", "1551752946", "1551752982", "1551755062", "1551805577", "1551827306", "1551837305", "1551892281"], "avgHR_day": 80, "tmsAFs": [], "id": "b6b99fcd-c055-4b7a-ad76-8eb21304065d", "beatsInTachyTms": [], "maxHRTms": 1551769676}], "mode": 0, "sleep": [{"pct_light": 72.26890756302521, "sleepStartTime": 1551805756, "efficiency": 81.6933638443936, "pct_deep": 13.165266106442578, "inBedTime": 436, "slp_idx": [4, 4, 4, 4, 4, 4, 4, 4, 4, 4, 4, 4, 4, 4, 2, 2, 2, 2, 2, 2, 2, 2, 2, 2, 2, 2, 2, 2, 2, 2, 2, 2, 2, 2, 2, 2, 2, 2, 2, 2, 2, 2, 2, 2, 2, 2, 2, 2, 2, 2, 2, 2, 2, 2, 2, 2, 2, 2, 2, 2, 2, 2, 2, 2, 2, 2, 2, 2, 2, 2, 2, 2, 2, 2, 2, 2, 2, 2, 2, 2, 2, 2, 2, 2, 2, 2, 2, 2, 2, 2, 2, 2, 2, 2, 2, 2, 2, 2, 2, 2, 2, 2, 2, 4, 4, 4, 3, 3, 2, 2, 2, 3, 3, 2, 2, 2, 2, 3, 3, 3, 3, 2, 2, 2, 2, 2, 1, 2, 3, 3, 3, 3, 3, 3, 3, 3, 3, 3, 3, 3, 3, 3, 3, 2, 2, 2, 2, 2, 2, 2, 2, 2, 2, 2, 2, 2, 1, 1, 1, 1, 1, 1, 1, 1, 1, 2, 2, 2, 2, 2, 2, 2, 2, 2, 2, 2, 2, 2, 2, 2, 3, 3, 2, 2, 2, 2, 2, 2, 2, 2, 2, 2, 2, 2, 2, 2, 2, 2, 2, 2, 2, 2, 2, 2, 2, 2, 2, 2, 2, 2, 2, 2, 2, 2, 2, 2, 2, 2, 2, 1, 1, 3, 3, 3, 1, 1, 1, 1, 1, 1, 1, 1, 1, 1, 1, 1, 1, 4, 4, 4, 4, 4, 4, 2, 2, 2, 2, 2, 2, 2, 2, 2, 2, 2, 1, 1, 2, 2, 2, 2, 2, 2, 2, 2, 2, 2, 2, 2, 2, 2, 2, 2, 2, 2, 2, 2, 2, 2, 2, 2, 2, 2, 2, 2, 2, 2, 2, 2, 2, 2, 2, 2, 2, 3, 3, 3, 3, 3, 3, 3, 3, 3, 2, 2, 2, 2, 2, 2, 2, 2, 1, 2, 2, 2, 2, 2, 2, 2, 2, 2, 2, 2, 2, 2, 2, 2, 2, 2, 2, 2, 2, 2, 2, 2, 2, 2, 2, 1, 1, 4, 4, 4, 4, 4, 3, 3, 2, 2, 2, 2, 2, 2, 2, 2, 2, 3, 3, 3, 4, 4, 4, 4, 4, 4, 4, 4, 4, 4, 4, 4, 4, 4, 4, 4, 4, 4, 4, 4, 4, 4, 4, 4, 4, 4, 4, 4, 4, 3, 3, 3, 4, 4, 4, 1, 1, 1, 1, 1, 1, 1, 1, 1, 1, 1, 3, 3, 3, 3, 3, 4, 4, 4, 4, 3, 4, 4, 4, 4, 4, 4, 4, 4, 4, 4, 4, 4, 4, 4, 4, 4, 3, 1, 1, 1, 1, 1, 1, 4, 4, 4, 4, 4, 4, 4, 4], "AHI": 18, "SOL": 14, "sleepEndTime": 1551832456, "id": "cdc3fa44-6ff5-4890-8c14-d1ff0894ed9e", "WASO": 66, "pct_rem": 14.565826330532214}, {"pct_light": 59.06040268456376, "sleepStartTime": 1551888736, "efficiency": 75.82697201017811, "pct_deep": 19.12751677852349, "inBedTime": 392, "slp_idx": [4, 4, 4, 4, 4, 4, 4, 4, 4, 4, 4, 4, 4, 4, 4, 4, 4, 4, 4, 4, 4, 4, 4, 4, 4, 4, 4, 4, 4, 4, 4, 4, 4, 4, 4, 4, 4, 4, 4, 4, 4, 2, 2, 2, 2, 2, 2, 2, 2, 2, 3, 3, 3, 3, 2, 2, 2, 2, 2, 2, 2, 2, 2, 2, 2, 2, 2, 2, 2, 2, 2, 2, 2, 2, 2, 2, 2, 2, 2, 2, 2, 2, 2, 2, 2, 2, 2, 2, 2, 2, 2, 2, 2, 2, 2, 2, 2, 2, 3, 3, 2, 2, 2, 2, 2, 2, 2, 2, 2, 2, 2, 2, 2, 2, 2, 2, 3, 3, 3, 3, 3, 3, 3, 3, 3, 3, 3, 3, 3, 3, 3, 3, 2, 2, 2, 2, 2, 2, 2, 2, 2, 2, 2, 2, 2, 2, 2, 2, 2, 2, 2, 1, 1, 1, 1, 1, 1, 1, 1, 1, 1, 3, 3, 4, 4, 4, 4, 4, 4, 4, 4, 3, 3, 3, 3, 3, 1, 1, 1, 1, 1, 1, 1, 1, 1, 1, 1, 1, 1, 3, 3, 3, 1, 1, 1, 1, 4, 4, 4, 4, 1, 1, 1, 1, 1, 2, 2, 2, 2, 2, 2, 4, 4, 4, 4, 4, 2, 2, 2, 2, 2, 3, 3, 3, 2, 2, 2, 2, 2, 2, 2, 2, 2, 2, 2, 1, 2, 2, 2, 2, 2, 3, 3, 3, 3, 3, 3, 3, 3, 3, 3, 3, 3, 3, 3, 2, 2, 2, 2, 2, 2, 2, 2, 2, 2, 3, 3, 3, 3, 3, 3, 3, 3, 4, 4, 4, 2, 2, 4, 4, 4, 4, 4, 4, 2, 2, 1, 1, 1, 1, 1, 1, 1, 1, 1, 1, 1, 1, 1, 4, 4, 1, 1, 1, 1, 1, 4, 4, 4, 1, 1, 1, 1, 1, 1, 2, 2, 4, 4, 2, 2, 2, 2, 4, 4, 4, 4, 4, 2, 2, 4, 4, 2, 2, 2, 2, 2, 2, 2, 2, 4, 4, 2, 2, 2, 2, 4, 4, 4, 4, 4, 4, 4, 4, 4, 4, 4, 4, 2, 2, 2, 2, 2, 2, 3, 3, 3, 3, 2, 2, 2, 2, 2, 3, 3, 3, 3, 2, 2, 2, 2, 2, 2, 2, 2, 2, 2, 2, 2, 2, 2, 2, 2, 4, 4, 4, 4, 4, 4, 4, 4], "AHI": 6, "SOL": 41, "sleepEndTime": 1551912796, "id": "1fa4be31-b860-4f76-9fba-4e1882f31a02", "WASO": 54, "pct_rem": 21.812080536912752}], "Q_factor": [{"bad_length": 4, "total_length": 2927, "good_percentage": 0.9986334130509054, "bad_min": [1551805397, 1551805517, 1551831977, 1551837317]}], "id": "77411320-20d3-4218-92a1-eaad5f5e902c"}